SchoolId,Lat,Lng,FinanceId,SchoolName,Address,Phone,SchoolNetworkName,SchoolType,PARENT_MAX,PARENT_CAND,PARENT_STAT,COMMUNITY_MAX,COMMUNITY_CAND,COMMUNITY_STAT,TEACHER_MAX,TEACHER_CAND,TEACHER_STAT,STUDENT_MAX,STUDENT_CAND,STUDENT_STAT,NONTCHSTAFF_MAX,NONTCHSTAFF_CAND,NONTCHSTAFF_STAT,ADVOCATE_MAX,ADVOCATE_CAND,ADVOCATE_STAT,JROTC_INSTR_MAX,JROTC_INSTR_CAND,JROTC_INSTR_STAT,BUSINESS_MAX,BUSINESS_CAND,BUSINESS_STAT,COMMANDANT_MAX,COMMANDANT_CAND,COMMANDANT_STAT,CADET_CMDR_MAX,CADET_CMDR_CAND,CADET_CMDR_STAT,ED_EXPERT_MAX,ED_EXPERT_CAND,ED_EXPERT_STAT,JudgeApplCt,CandidateCt,QuorumCt,SortNetwork
400018,41.885213,-87.763286,66411,AUSTIN BUS & ENTRP HS,"231 N Pine Ave, Chicago, IL 60644",(773)534-6316,NETWORK 3,HS,6,3,I,2,1,I,2,2,S,1,1,S,0,0,,2,1,I,0,0,,0,0,,0,0,,0,0,,0,0,,1,9,8,NETWORK 03
609674,41.737146,-87.573267,53011,CHICAGO VOCATIONAL HS,"2100 E 87th St, Chicago, IL 60617",(773)535-6100,OS4,HS,6,3,I,2,2,S,2,2,S,1,0,I,1,1,S,0,0,,0,0,,0,0,,0,0,,0,0,,0,0,,3,8,8,OS4
609676,41.840226,-87.617601,53021,DUNBAR HS,"3000 S King Dr, Chicago, IL 60616",(773)534-9000,NETWORK 9,HS,6,4,I,2,3,C,2,2,S,1,0,I,1,1,S,0,0,,0,0,,0,0,,0,0,,0,0,,0,0,,10,10,9,NETWORK 09
609678,41.873067,-87.627639,47021,JONES HS,"700 S State St, Chicago, IL 60605",(773)534-8600,NETWORK 6,HS,6,12,C,2,4,C,2,2,S,1,3,C,1,1,S,0,0,,0,0,,0,0,,0,0,,0,0,,0,0,,4,22,12,NETWORK 06
609679,41.92006,-87.761012,53041,PROSSER HS,"2148 N Long Ave, Chicago, IL 60639",(773)534-3200,NETWORK 3,HS,6,6,S,2,4,C,2,2,S,1,1,S,1,1,S,0,0,,0,0,,0,0,,0,0,,0,0,,0,0,,3,14,12,NETWORK 03
609680,41.901546,-87.634464,70020,PAYTON HS,"1034 N Wells St, Chicago, IL 60610",(773)534-0034,NETWORK 6,HS,6,8,C,2,4,C,2,2,S,1,3,C,1,1,S,0,0,,0,0,,0,0,,0,0,,0,0,,0,0,,1,18,12,NETWORK 06
609682,41.802881,-87.662315,53051,RICHARDS HS,"5009 S Laflin St, Chicago, IL 60609",(773)535-4945,OS4,HS,6,4,I,2,0,I,2,2,S,1,2,C,1,1,S,0,0,,0,0,,0,0,,0,0,,0,0,,0,0,,0,9,8,OS4
609691,41.911646,-87.735237,46431,NORTH-GRAND HS,"4338 W Wabansia Ave, Chicago, IL 60639",(773)534-8520,NETWORK 5,HS,6,8,C,2,1,I,2,4,C,1,2,C,1,1,S,0,0,,0,0,,0,0,,0,0,,0,0,,0,0,,4,16,11,NETWORK 05
609692,41.745787,-87.635446,53061,SIMEON HS,"8147 S Vincennes Ave, Chicago, IL 60620",(773)535-3200,NETWORK 11,HS,6,6,S,2,1,I,2,4,C,1,0,I,1,1,S,0,0,,0,0,,0,0,,0,0,,0,0,,0,0,,5,12,10,NETWORK 11
609693,41.890005,-87.707333,53071,GEORGE WESTINGHOUSE HS,"3223 W Franklin Blvd, Chicago, IL 60624",(773)534-6400,NETWORK 5,HS,6,14,C,2,4,C,2,2,S,1,5,C,1,1,S,0,0,,0,0,,0,0,,0,0,,0,0,,0,0,,4,26,12,NETWORK 05
609694,41.791436,-87.72447,46021,HANCOCK HS,"4034 W 56th St, Chicago, IL 60629",(773)535-2410,OS4,HS,6,6,S,2,1,I,2,3,C,1,1,S,1,2,C,0,0,,0,0,,0,0,,0,0,,0,0,,0,0,,4,13,11,OS4
609695,41.975068,-87.679447,46031,AMUNDSEN HS,"5110 N Damen Ave, Chicago, IL 60625",(773)534-2320,NETWORK 2,HS,6,5,I,2,7,C,2,2,S,1,1,S,1,1,S,0,0,,0,0,,0,0,,0,0,,0,0,,0,0,,1,16,11,NETWORK 02
609698,41.749403,-87.721098,46041,BOGAN HS,"3939 W 79th St, Chicago, IL 60652",(773)535-2180,OS4,HS,6,9,C,2,4,C,2,3,C,1,4,C,1,1,S,0,0,,0,0,,0,0,,0,0,,0,0,,0,0,,5,21,12,OS4
609702,41.877529,-87.683249,46081,CRANE HS,"2245 W Jackson Blvd, Chicago, IL 60612",(773)534-7550,NETWORK 6,HS,6,1,I,2,2,S,2,2,S,1,0,I,1,1,S,0,0,,0,0,,0,0,,0,0,,0,0,,0,0,,6,6,6,NETWORK 06
609704,41.848559,-87.708742,53091,FARRAGUT HS,"2345 S Christiana Ave, Chicago, IL 60623",(773)534-1300,NETWORK 7,HS,6,12,C,2,7,C,2,5,C,1,5,C,1,5,C,0,0,,0,0,,0,0,,0,0,,0,0,,0,0,,3,34,12,NETWORK 07
609705,41.689951,-87.637535,46111,FENGER HS,"11220 S Wallace St, Chicago, IL 60628",(773)535-5430,NETWORK 13,HS,6,8,C,2,5,C,2,2,S,1,2,C,1,1,S,0,0,,0,0,,0,0,,0,0,,0,0,,0,0,,6,18,12,NETWORK 13
609707,41.769713,-87.637189,46121,ROBESON HS,"6835 S Normal Blvd, Chicago, IL 60621",(773)535-3800,NETWORK 11,HS,6,0,I,2,2,S,2,1,I,1,2,C,1,0,I,0,0,,0,0,,0,0,,0,0,,0,0,,0,0,,8,5,4,NETWORK 11
609708,41.939796,-87.754203,46131,FOREMAN HS,"3235 N LeClaire Ave, Chicago, IL 60641",(773)534-3400,NETWORK 1,HS,6,6,S,2,2,S,2,7,C,1,1,S,1,2,C,0,0,,0,0,,0,0,,0,0,,0,0,,0,0,,4,18,12,NETWORK 01
609709,41.791013,-87.688917,46141,GAGE PARK HS,"5630 S Rockwell St, Chicago, IL 60629",(773)535-9230,NETWORK 8,HS,6,3,I,2,2,S,2,3,C,1,0,I,1,1,S,0,0,,0,0,,0,0,,0,0,,0,0,,0,0,,4,9,8,NETWORK 08
609710,41.718373,-87.620587,51021,HARLAN HS,"9652 S Michigan Ave, Chicago, IL 60628",(773)535-5400,NETWORK 12,HS,6,1,I,2,4,C,2,4,C,1,0,I,1,1,S,0,0,,0,0,,0,0,,0,0,,0,0,,0,0,,5,10,6,NETWORK 12
609711,41.775125,-87.669053,46151,HARPER HS,"6520 S Wood St, Chicago, IL 60636",(773)535-9150,NETWORK 11,HS,6,7,C,2,5,C,2,2,S,1,1,S,1,1,S,0,0,,0,0,,0,0,,0,0,,0,0,,0,0,,12,16,12,NETWORK 11
609712,41.753749,-87.601691,47031,HIRSCH HS,"7740 S Ingleside Ave, Chicago, IL 60619",(773)535-3100,NETWORK 12,HS,6,1,I,2,0,I,2,1,I,1,0,I,1,1,S,0,0,,0,0,,0,0,,0,0,,0,0,,0,0,,6,3,3,NETWORK 12
609713,41.782257,-87.586578,46171,HYDE PARK HS,"6220 S Stony Island Ave, Chicago, IL 60637",(773)535-0880,NETWORK 9,HS,6,9,C,2,6,C,2,3,C,1,0,I,1,1,S,0,0,,0,0,,0,0,,0,0,,0,0,,0,0,,11,19,11,NETWORK 09
609715,41.81873,-87.694602,46181,KELLY HS,"4136 S California Ave, Chicago, IL 60632",(773)535-4900,OS4,HS,6,8,C,2,3,C,2,3,C,1,1,S,1,2,C,0,0,,0,0,,0,0,,0,0,,0,0,,0,0,,11,17,12,OS4
609716,41.927946,-87.736,46191,KELVYN PARK HS,"4343 W Wrightwood Ave, Chicago, IL 60639",(773)534-4200,OS4,HS,6,4,I,2,2,S,2,2,S,1,1,S,1,0,I,0,0,,0,0,,0,0,,0,0,,0,0,,0,0,,1,9,9,OS4
609718,41.790482,-87.780395,46201,KENNEDY HS,"6325 W 56th St, Chicago, IL 60638",(773)535-2325,NETWORK 10,HS,6,5,I,2,3,C,2,3,C,1,0,I,1,2,C,0,0,,0,0,,0,0,,0,0,,0,0,,0,0,,1,13,10,NETWORK 10
609719,41.954764,-87.668989,46211,LAKE VIEW HS,"4015 N Ashland Ave, Chicago, IL 60613",(773)534-5440,NETWORK 2,HS,6,6,S,2,7,C,2,4,C,1,1,S,1,1,S,0,0,,0,0,,0,0,,0,0,,0,0,,0,0,,3,19,12,NETWORK 02
609720,41.946672,-87.691013,46221,LANE HS,"2501 W Addison St, Chicago, IL 60618",(773)534-5400,NETWORK 4,HS,6,11,C,2,4,C,2,4,C,1,2,C,1,1,S,0,0,,0,0,,0,0,,0,0,,0,0,,0,0,,2,22,12,NETWORK 04
609722,41.870966,-87.699896,53111,MANLEY HS,"2935 W Polk St, Chicago, IL 60612",(773)534-6900,NETWORK 5,HS,6,6,S,2,1,I,2,2,S,1,0,I,1,1,S,0,0,,0,0,,0,0,,0,0,,0,0,,0,0,,4,10,10,NETWORK 05
609723,41.878417,-87.708049,47041,MARSHALL HS,"3250 W Adams St, Chicago, IL 60624",(773)534-6455,NETWORK 5,HS,6,3,I,2,3,C,2,0,I,1,1,S,1,1,S,0,0,,0,0,,0,0,,0,0,,0,0,,0,0,,7,8,7,NETWORK 05
609724,41.987567,-87.702519,46241,MATHER HS,"5835 N Lincoln Ave, Chicago, IL 60659",(773)534-2350,NETWORK 2,HS,6,6,S,2,3,C,2,2,S,1,0,I,1,1,S,0,0,,0,0,,0,0,,0,0,,0,0,,0,0,,2,12,11,NETWORK 02
609725,41.692011,-87.665676,46251,MORGAN PARK HS,"1744 W Pryor Ave, Chicago, IL 60643",(773)535-2550,OS4,HS,6,8,C,2,2,S,2,3,C,1,1,S,1,1,S,0,0,,0,0,,0,0,,0,0,,0,0,,0,0,,8,15,12,OS4
609726,41.692735,-87.616352,47051,BROOKS HS,"250 E 111th St, Chicago, IL 60628",(773)535-9930,NETWORK 13,HS,6,5,I,2,2,S,2,3,C,1,3,C,1,1,S,0,0,,0,0,,0,0,,0,0,,0,0,,0,0,,6,14,11,NETWORK 13
609727,41.823853,-87.619796,46261,PHILLIPS HS,"244 E Pershing Rd, Chicago, IL 60653",(773)535-1603,AUSL,HS,6,5,I,2,6,C,2,2,S,1,1,S,1,1,S,0,0,,0,0,,0,0,,0,0,,0,0,,0,0,,10,16,11,AUSL
609728,41.9648,-87.714818,46271,ROOSEVELT HS,"3436 W Wilson Ave, Chicago, IL 60625",(773)534-5000,NETWORK 1,HS,6,7,C,2,10,C,2,2,S,1,3,C,1,1,S,0,0,,0,0,,0,0,,0,0,,0,0,,0,0,,2,23,12,NETWORK 01
609729,41.946343,-87.735635,46281,SCHURZ HS,"3601 N Milwaukee Ave, Chicago, IL 60641",(773)534-3420,NETWORK 1,HS,6,2,I,2,3,C,2,3,C,1,0,I,1,1,S,0,0,,0,0,,0,0,,0,0,,0,0,,0,0,,4,9,7,NETWORK 01
609730,41.989033,-87.665188,47061,SENN HS,"5900 N Glenwood Ave, Chicago, IL 60660",(773)534-2365,NETWORK 2,HS,6,3,I,2,3,C,2,2,S,1,0,I,1,1,S,0,0,,0,0,,0,0,,0,0,,0,0,,0,0,,3,9,8,NETWORK 02
609732,41.935634,-87.783478,46291,STEINMETZ COLLEGE PREP HS,"3030 N Mobile Ave, Chicago, IL 60634",(773)534-3030,NETWORK 3,HS,6,7,C,2,4,C,2,2,S,1,1,S,1,1,S,0,0,,0,0,,0,0,,0,0,,0,0,,0,0,,1,15,12,NETWORK 03
609733,42.002687,-87.669229,46301,SULLIVAN HS,"6631 N Bosworth Ave, Chicago, IL 60626",(773)534-2000,NETWORK 2,HS,6,4,I,2,4,C,2,2,S,1,1,S,1,2,C,0,0,,0,0,,0,0,,0,0,,0,0,,0,0,,4,13,10,NETWORK 02
609734,41.982934,-87.791547,46311,TAFT HS,"6530 W Bryn Mawr Ave, Chicago, IL 60631",(773)534-1000,NETWORK 1,HS,6,10,C,2,5,C,2,3,C,1,0,I,1,1,S,0,0,,0,0,,0,0,,0,0,,0,0,,0,0,,0,19,11,NETWORK 01
609735,41.807509,-87.643003,53121,TILDEN HS,"4747 S Union Ave, Chicago, IL 60609",(773)535-1625,OS4,HS,6,4,I,2,3,C,2,3,C,1,2,C,1,1,S,0,0,,0,0,,0,0,,0,0,,0,0,,0,0,,4,13,10,OS4
609736,41.802105,-87.611931,66021,DYETT HS,"555 E 51st St, Chicago, IL 60615",(773)535-1825,NETWORK 9,HS,6,0,I,2,2,S,2,0,I,1,0,I,1,0,I,0,0,,0,0,,0,0,,0,0,,0,0,,0,0,,4,2,2,NETWORK 09
609737,41.973184,-87.713423,47081,VON STEUBEN HS,"5039 N Kimball Ave, Chicago, IL 60625",(773)534-5100,NETWORK 1,HS,6,10,C,2,6,C,2,3,C,1,3,C,1,2,C,0,0,,0,0,,0,0,,0,0,,0,0,,0,0,,2,24,12,NETWORK 01
609738,41.918268,-87.646046,46321,LINCOLN PARK HS,"2001 N Orchard St, Chicago, IL 60614",(773)534-8130,NETWORK 4,HS,6,7,C,2,7,C,2,2,S,1,2,C,1,2,C,0,0,,0,0,,0,0,,0,0,,0,0,,0,0,,5,20,12,NETWORK 04
609739,41.688164,-87.53757,46331,WASHINGTON HS,"3535 E 114th St, Chicago, IL 60617",(773)535-5725,NETWORK 13,HS,6,10,C,2,4,C,2,5,C,1,1,S,1,2,C,0,0,,0,0,,0,0,,0,0,,0,0,,0,0,,0,22,12,NETWORK 13
609740,41.898995,-87.667446,51071,WELLS HS,"936 N Ashland Ave, Chicago, IL 60622",(773)534-7010,OS4,HS,6,4,I,2,5,C,2,3,C,1,2,C,1,1,S,0,0,,0,0,,0,0,,0,0,,0,0,,0,0,,6,15,10,OS4
609741,41.780527,-87.717977,46341,HUBBARD HS,"6200 S Hamlin Ave, Chicago, IL 60629",(773)535-2200,NETWORK 10,HS,6,6,S,2,3,C,2,3,C,1,0,I,1,1,S,0,0,,0,0,,0,0,,0,0,,0,0,,0,0,,2,13,11,NETWORK 10
609744,41.982945,-87.722386,49021,NORTHSIDE LEARNING HS,"3730 W Bryn Mawr Ave, Chicago, IL 60659",(773)534-5180,NETWORK 1,HS,6,6,S,2,2,S,2,2,S,1,0,I,1,0,I,0,0,,0,0,,0,0,,0,0,,0,0,,0,0,,0,10,10,NETWORK 01
609745,41.759853,-87.67591,49031,SOUTHSIDE HS,"7342 S Hoyne Ave, Chicago, IL 60636",(773)535-9100,NETWORK 11,HS,6,6,S,2,3,C,2,3,C,1,0,I,1,2,C,0,0,,0,0,,0,0,,0,0,,0,0,,0,0,,0,14,11,NETWORK 11
609746,41.803772,-87.590458,46361,KENWOOD HS,"5015 S Blackstone Ave, Chicago, IL 60615",(773)535-1350,NETWORK 9,HS,6,12,C,2,3,C,2,2,S,1,1,S,1,1,S,0,0,,0,0,,0,0,,0,0,,0,0,,0,0,,11,19,12,NETWORK 09
609748,41.842534,-87.695224,49041,YORK HS,"2700 S California Ave, Chicago, IL 60623",(773)535-7021,OPTIONS,HS,0,0,,3,4,C,2,2,S,0,0,,0,0,,4,3,I,0,0,,0,0,,0,0,,0,0,,0,0,,0,10,8,OPTIONS
609749,41.981315,-87.708745,46061,NORTHSIDE PREP HS,"5501 N Kedzie Ave, Chicago, IL 60625",(773)534-3954,NETWORK 1,HS,6,10,C,2,3,C,2,2,S,1,2,C,1,1,S,0,0,,0,0,,0,0,,0,0,,0,0,,0,0,,3,18,12,NETWORK 01
609750,41.864365,-87.668759,49051,SIMPSON HS,"1321 S Paulina St, Chicago, IL 60608",(773)534-7812,OPTIONS,HS,2,3,C,2,3,C,2,2,S,1,0,I,0,0,,4,2,I,0,0,,0,0,,0,0,,0,0,,0,0,,2,10,8,OPTIONS
609751,41.813675,-87.603911,46371,KING HS,"4445 S Drexel Blvd, Chicago, IL 60653",(773)535-1180,NETWORK 9,HS,6,9,C,2,8,C,2,3,C,1,1,S,1,1,S,0,0,,0,0,,0,0,,0,0,,0,0,,0,0,,4,22,12,NETWORK 09
609753,41.691248,-87.717771,47091,CHGO AGR HS,"3857 W 111th St, Chicago, IL 60655",(773)535-2500,NETWORK 10,HS,6,7,C,2,3,C,2,2,S,1,3,C,1,0,I,0,0,,0,0,,0,0,,0,0,,0,0,,0,0,,0,16,11,NETWORK 10
609754,41.830554,-87.619252,70070,CHGO MILITARY ACAD HS,"3519 S Giles Ave, Chicago, IL 60653",(773)534-9750,MILITARY,HS,6,4,I,2,2,S,2,2,S,0,0,,0,0,,2,2,S,1,1,S,0,0,,1,1,S,1,0,I,0,0,,0,13,12,MILITARY
609755,41.878602,-87.66427,47101,YOUNG HS,"211 S Laflin St, Chicago, IL 60607",(773)534-7500,NETWORK 6,HS,6,10,C,2,3,C,2,2,S,1,2,C,1,1,S,0,0,,0,0,,0,0,,0,0,,0,0,,0,0,,1,18,12,NETWORK 06
609756,41.803081,-87.722065,53101,CURIE HS,"4959 S Archer Ave, Chicago, IL 60632",(773)535-2100,NETWORK 8,HS,6,8,C,2,2,S,2,4,C,1,2,C,1,1,S,0,0,,0,0,,0,0,,0,0,,0,0,,0,0,,5,17,12,NETWORK 08
609759,41.902625,-87.686943,51091,CLEMENTE HS,"1147 N Western Ave, Chicago, IL 60622",(773)534-4000,OS4,HS,6,5,I,2,5,C,2,2,S,1,1,S,1,2,C,0,0,,0,0,,0,0,,0,0,,0,0,,0,0,,2,15,11,OS4
609760,41.656291,-87.590584,46381,CARVER MILITARY,"13100 S Doty Ave, Chicago, IL 60827",(773)535-5250,MILITARY,HS,6,4,I,2,1,I,2,3,C,0,0,,1,0,I,0,0,,0,0,,0,0,,0,0,,0,0,,0,0,,1,8,7,MILITARY
609761,41.707446,-87.603064,46391,CORLISS HS,"821 E 103rd St, Chicago, IL 60628",(773)535-5115,NETWORK 13,HS,6,4,I,2,7,C,2,7,C,1,0,I,1,3,C,0,0,,0,0,,0,0,,0,0,,0,0,,0,0,,10,21,9,NETWORK 13
609762,41.705859,-87.653713,46401,JULIAN HS,"10330 S Elizabeth St, Chicago, IL 60643",(773)535-5170,OS4,HS,6,4,I,2,2,S,2,2,S,1,1,S,1,1,S,0,0,,0,0,,0,0,,0,0,,0,0,,0,0,,11,10,10,OS4
609764,41.852667,-87.663696,46421,JUAREZ HS,"2150 S Laflin St, Chicago, IL 60608",(773)534-7030,OS4,HS,6,13,C,2,4,C,2,5,C,1,0,I,1,4,C,0,0,,0,0,,0,0,,0,0,,0,0,,0,0,,6,26,11,OS4
609766,41.960363,-87.7647,49081,VAUGHN HS,"4355 N Linder Ave, Chicago, IL 60641",(773)534-3600,NETWORK 1,HS,6,5,I,2,2,S,2,2,S,1,0,I,1,1,S,0,0,,0,0,,0,0,,0,0,,0,0,,0,0,,0,10,10,NETWORK 01
609768,41.793565,-87.641419,49091,HOPE HS,"5515 S Lowe Ave, Chicago, IL 60621",(773)535-3160,NETWORK 11,HS,6,2,I,2,2,S,2,2,S,1,0,I,1,1,S,0,0,,0,0,,0,0,,0,0,,0,0,,0,0,,0,8,7,NETWORK 11
609769,41.849675,-87.625352,49101,"GRAHAM,R HS","2347 S Wabash Ave, Chicago, IL 60616",(773)534-9257,NETWORK 6,HS,6,5,I,2,2,S,2,2,S,1,0,I,1,1,S,0,0,,0,0,,0,0,,0,0,,0,0,,0,0,,3,11,10,NETWORK 06
609772,41.698739,-87.532939,22021,ADDAMS,"10810 S Avenue H, Chicago, IL 60617",(773)535-6210,NETWORK 13,ES,6,8,C,2,3,C,2,4,C,0,0,,1,1,S,0,0,,0,0,,0,0,,0,0,,0,0,,0,0,,8,16,11,NETWORK 13
609773,41.934126,-87.656265,22031,AGASSIZ,"2851 N Seminary Ave, Chicago, IL 60657",(773)534-5725,NETWORK 4,ES,6,8,C,2,2,S,2,2,S,0,0,,1,1,S,0,0,,0,0,,0,0,,0,0,,0,0,,0,0,,3,13,11,NETWORK 04
609774,41.92985,-87.646413,22041,ALCOTT ES,"2625 N Orchard St, Chicago, IL 60614",(773)534-5460,NETWORK 4,ES,6,7,C,2,3,C,2,3,C,1,2,C,1,0,I,0,0,,0,0,,0,0,,0,0,,0,0,,0,0,,1,15,11,NETWORK 04
609777,41.833826,-87.650652,22061,ARMOUR,"950 W 33rd Pl, Chicago, IL 60608",(773)535-4530,NETWORK 6,ES,6,4,I,2,4,C,2,2,S,0,0,,1,1,S,0,0,,0,0,,0,0,,0,0,,0,0,,0,0,,5,11,9,NETWORK 06
609779,42.010123,-87.68444,22081,"ARMSTRONG, G","2110 W Greenleaf Ave, Chicago, IL 60645",(773)534-2150,NETWORK 2,ES,6,6,S,2,3,C,2,4,C,0,0,,1,1,S,0,0,,0,0,,0,0,,0,0,,0,0,,0,0,,3,14,11,NETWORK 02
609780,41.916045,-87.721706,41111,AMES,"1920 N Hamlin Ave, Chicago, IL 60647",(773)534-4970,NETWORK 4,MS,6,0,I,2,0,I,2,0,I,0,0,,1,0,I,0,0,,0,0,,0,0,,0,0,,0,0,,0,0,,2,0,0,NETWORK 04
609781,41.802112,-87.62582,31021,ATTUCKS,"5055 S State St,, Chicago, IL 60615",(773)535-1270,NETWORK 9,ES,6,4,I,2,2,S,2,2,S,0,0,,1,2,C,0,0,,0,0,,0,0,,0,0,,0,0,,0,0,,5,10,9,NETWORK 09
609782,41.945063,-87.681004,22091,AUDUBON,"3500 N Hoyne Ave, Chicago, IL 60618",(773)534-5470,NETWORK 4,ES,6,11,C,2,6,C,2,3,C,1,0,I,1,1,S,0,0,,0,0,,0,0,,0,0,,0,0,,0,0,,2,21,11,NETWORK 04
609783,41.867833,-87.680381,30011,JEFFERSON ALT HS,"1100 S Hamilton Ave, Chicago, IL 60612",(312)433-7110,OPTIONS,HS,0,0,,2,2,S,2,3,C,0,0,,0,0,,6,2,I,0,0,,0,0,,0,0,,0,0,,0,0,,1,7,6,OPTIONS
609786,41.748247,-87.59169,22101,AVALON PARK,"8045 S Kenwood Ave, Chicago, IL 60619",(773)535-6615,NETWORK 12,ES,6,6,S,2,2,S,2,2,S,0,0,,1,1,S,0,0,,0,0,,0,0,,0,0,,0,0,,0,0,,6,11,11,NETWORK 12
609788,41.705139,-87.658039,22131,BARNARD,"10354 S Charles St, Chicago, IL 60643",(773)535-2625,OS4,ES,6,6,S,2,3,C,2,2,S,0,0,,1,1,S,0,0,,0,0,,0,0,,0,0,,0,0,,0,0,,5,12,11,OS4
609789,41.932511,-87.739352,22141,BARRY,"2828 N Kilbourn Ave, Chicago, IL 60641",(773)534-3455,NETWORK 4,ES,6,6,S,2,0,I,2,2,S,0,0,,1,1,S,0,0,,0,0,,0,0,,0,0,,0,0,,0,0,,2,9,9,NETWORK 04
609790,41.754194,-87.67089,22151,BARTON,"7650 S Wolcott Ave, Chicago, IL 60620",(773)535-3260,NETWORK 11,ES,6,3,I,2,2,S,2,3,C,0,0,,1,0,I,0,0,,0,0,,0,0,,0,0,,0,0,,0,0,,8,8,7,NETWORK 11
609791,41.774219,-87.653532,22161,BASS,"1140 W 66th St, Chicago, IL 60621",(773)535-3275,NETWORK 11,ES,6,3,I,2,1,I,2,6,C,0,0,,1,2,C,0,0,,0,0,,0,0,,0,0,,0,0,,0,0,,12,12,7,NETWORK 11
609792,41.95822,-87.702114,22171,BATEMAN,"4220 N Richmond St, Chicago, IL 60618",(773)534-5055,NETWORK 1,ES,6,6,S,2,3,C,2,3,C,0,0,,1,1,S,0,0,,0,0,,0,0,,0,0,,0,0,,0,0,,2,13,11,NETWORK 01
609793,41.784944,-87.647416,22181,NICHOLSON TECH ACAD,"6006 S Peoria St, Chicago, IL 60621",(773)535-3285,NETWORK 11,ES,6,3,I,2,3,C,2,3,C,0,0,,1,0,I,0,0,,0,0,,0,0,,0,0,,0,0,,0,0,,8,9,7,NETWORK 11
609794,41.971141,-87.709701,29011,"EDISON, T","4929 N Sawyer Ave, Chicago, IL 60625",(773)534-0540,NETWORK 1,ES,6,8,C,2,3,C,2,2,S,0,0,,1,1,S,0,0,,0,0,,0,0,,0,0,,0,0,,0,0,,2,14,11,NETWORK 01
609795,41.867812,-87.770454,22191,"CLARK, G","1045 S Monitor Ave, Chicago, IL 60644",(773)534-6225,NETWORK 3,ES,6,6,S,2,3,C,2,2,S,1,0,I,1,1,S,0,0,,0,0,,0,0,,0,0,,0,0,,0,0,,7,12,11,NETWORK 03
609796,41.972393,-87.757602,22201,BEAUBIEN,"5025 N Laramie Ave, Chicago, IL 60630",(773)534-3500,NETWORK 1,ES,6,8,C,2,3,C,2,2,S,0,0,,1,1,S,0,0,,0,0,,0,0,,0,0,,0,0,,0,0,,1,14,11,NETWORK 01
609797,41.885348,-87.705855,22211,BEIDLER,"3151 W Walnut St, Chicago, IL 60612",(773)534-6811,OS4,ES,6,5,I,2,2,S,2,3,C,0,0,,1,1,S,0,0,,0,0,,0,0,,0,0,,0,0,,0,0,,6,11,10,OS4
609798,41.958938,-87.734056,22221,BELDING,"4257 N Tripp Ave, Chicago, IL 60641",(773)534-3590,NETWORK 1,ES,6,7,C,2,2,S,2,3,C,0,0,,1,1,S,0,0,,0,0,,0,0,,0,0,,0,0,,0,0,,0,13,11,NETWORK 01
609799,41.94953,-87.685981,22231,BELL,"3730 N Oakley Ave, Chicago, IL 60618",(773)534-5150,NETWORK 4,ES,6,6,S,2,3,C,2,3,C,0,0,,1,2,C,0,0,,0,0,,0,0,,0,0,,0,0,,0,0,,5,14,11,NETWORK 04
609800,41.710434,-87.617427,22241,BENNETT,"10115 S Prairie Ave, Chicago, IL 60628",(773)535-5460,NETWORK 13,ES,6,6,S,2,3,C,2,4,C,0,0,,1,2,C,0,0,,0,0,,0,0,,0,0,,0,0,,0,0,,9,15,11,NETWORK 13
609803,41.950753,-87.664967,22261,BLAINE,"1420 W Grace St, Chicago, IL 60613",(773)534-5750,NETWORK 4,ES,6,6,S,2,4,C,2,2,S,0,0,,1,1,S,0,0,,0,0,,0,0,,0,0,,0,0,,0,0,,2,13,11,NETWORK 04
609804,42.003412,-87.697426,22271,BOONE,"6710 N Washtenaw Ave, Chicago, IL 60645",(773)534-2160,NETWORK 2,ES,6,7,C,2,1,I,2,2,S,0,0,,1,0,I,0,0,,0,0,,0,0,,0,0,,0,0,,0,0,,2,10,9,NETWORK 02
609805,41.749339,-87.669402,22281,JOPLIN,"7931 S Honore St, Chicago, IL 60620",(773)535-3425,OS4,ES,6,2,I,2,3,C,2,2,S,0,0,,1,0,I,0,0,,0,0,,0,0,,0,0,,0,0,,0,0,,5,7,6,OS4
609806,41.754366,-87.557105,22291,BRADWELL,"7736 S Burnham Ave, Chicago, IL 60649",(773)535-6600,AUSL,ES,6,6,S,2,4,C,2,2,S,0,0,,1,1,S,0,0,,0,0,,0,0,,0,0,,0,0,,0,0,,4,13,11,AUSL
609807,41.75343,-87.708731,32021,HAMPTON,"3434 W 77th St, Chicago, IL 60652",(773)535-4030,NETWORK 10,ES,6,6,S,2,1,I,2,2,S,0,0,,1,1,S,0,0,,0,0,,0,0,,0,0,,0,0,,0,0,,3,10,10,NETWORK 10
609808,41.686659,-87.633669,22301,HALEY,"11411 S Eggleston Ave, Chicago, IL 60628",(773)535-5340,NETWORK 13,ES,6,6,S,2,2,S,2,2,S,0,0,,1,1,S,0,0,,0,0,,0,0,,0,0,,0,0,,0,0,,4,11,11,NETWORK 13
609809,41.930965,-87.696331,22311,BRENTANO,"2723 N Fairfield Ave, Chicago, IL 60647",(773)534-4100,OS4,ES,6,9,C,2,4,C,2,2,S,0,0,,1,2,C,0,0,,0,0,,0,0,,0,0,,0,0,,0,0,,1,17,11,OS4
609810,41.949115,-87.798632,22321,BRIDGE,"3800 N New England Ave, Chicago, IL 60634",(773)534-3718,NETWORK 1,ES,6,6,S,2,2,S,2,2,S,0,0,,1,1,S,0,0,,0,0,,0,0,,0,0,,0,0,,0,0,,2,11,11,NETWORK 01
609811,41.699727,-87.562048,22331,BRIGHT,"10740 S Calhoun Ave, Chicago, IL 60617",(773)535-6215,NETWORK 13,ES,6,2,I,2,3,C,2,2,S,0,0,,1,0,I,0,0,,0,0,,0,0,,0,0,,0,0,,0,0,,2,7,6,NETWORK 13
609812,41.882997,-87.670646,22351,"BROWN, W","54 N Hermitage Ave, Chicago, IL 60612",(773)534-7250,OS4,ES,6,2,I,2,2,S,2,2,S,0,0,,1,1,S,0,0,,0,0,,0,0,,0,0,,0,0,,0,0,,2,8,7,OS4
609813,41.77162,-87.621783,22361,BROWNELL,"6741 S Michigan Ave, Chicago, IL 60637",(773)535-3030,NETWORK 12,ES,6,11,C,2,2,S,2,2,S,0,0,,1,1,S,0,0,,0,0,,0,0,,0,0,,0,0,,0,0,,5,16,11,NETWORK 12
609815,41.760847,-87.576112,22371,BOUCHET,"7355 S Jeffery Blvd, Chicago, IL 60649",(773)535-0501,NETWORK 12,ES,6,7,C,2,4,C,2,2,S,0,0,,1,1,S,0,0,,0,0,,0,0,,0,0,,0,0,,0,0,,11,14,11,NETWORK 12
609817,41.975782,-87.696556,22391,BUDLONG,"2701 W Foster Ave, Chicago, IL 60625",(773)534-2591,NETWORK 2,ES,6,7,C,2,3,C,2,2,S,0,0,,1,1,S,0,0,,0,0,,0,0,,0,0,,0,0,,0,0,,5,13,11,NETWORK 02
609818,41.917597,-87.782736,22401,BURBANK,"2035 N Mobile Ave, Chicago, IL 60639",(773)534-3000,NETWORK 3,ES,6,9,C,2,2,S,2,2,S,0,0,,1,1,S,0,0,,0,0,,0,0,,0,0,,0,0,,0,0,,2,14,11,NETWORK 03
609819,41.79676,-87.616104,22411,BURKE,"5356 S King Dr, Chicago, IL 60615",(773)535-1325,OS4,ES,6,4,I,2,1,I,2,1,I,0,0,,1,1,S,0,0,,0,0,,0,0,,0,0,,0,0,,0,0,,5,7,7,OS4
609820,41.93791,-87.669853,22421,BURLEY,"1630 W Barry Ave, Chicago, IL 60657",(773)534-5475,NETWORK 4,ES,6,8,C,2,3,C,2,2,S,0,0,,1,1,S,0,0,,0,0,,0,0,,0,0,,0,0,,0,0,,2,14,11,NETWORK 04
609821,41.714402,-87.567094,22432,BURNHAM,"9928 S Crandon Ave, Chicago, IL 60617",(773)535-6530,NETWORK 13,ES,6,6,S,2,3,C,2,2,S,0,0,,1,1,S,0,0,,0,0,,0,0,,0,0,,0,0,,0,0,,7,12,11,NETWORK 13
609826,41.84545,-87.71489,22461,CASTELLANOS,"2524 S Central Park Ave, Chicago, IL 60623",(773)534-1620,NETWORK 7,ES,6,5,I,2,0,I,2,2,S,0,0,,1,2,C,0,0,,0,0,,0,0,,0,0,,0,0,,0,0,,4,9,8,NETWORK 07
609827,41.728453,-87.607435,29021,BURNSIDE,"650 E 91st Pl, Chicago, IL 60619",(773)535-3300,NETWORK 12,ES,6,6,S,2,1,I,2,3,C,0,0,,1,2,C,0,0,,0,0,,0,0,,0,0,,0,0,,0,0,,7,12,10,NETWORK 12
609828,41.912385,-87.668661,22471,BURR,"1621 W Wabansia Ave, Chicago, IL 60622",(773)534-4090,NETWORK 6,ES,6,9,C,2,0,I,2,2,S,0,0,,1,1,S,0,0,,0,0,,0,0,,0,0,,0,0,,0,0,,3,12,9,NETWORK 06
609829,41.828869,-87.69242,22481,BURROUGHS,"3542 S Washtenaw Ave, Chicago, IL 60632",(773)535-7226,NETWORK 8,ES,6,6,S,2,3,C,2,2,S,0,0,,1,1,S,0,0,,0,0,,0,0,,0,0,,0,0,,0,0,,0,13,11,NETWORK 08
609830,41.897663,-87.765569,22491,BRUNSON,"932 N Central Ave, Chicago, IL 60651",(773)534-6025,NETWORK 3,ES,6,3,I,2,2,S,2,2,S,0,0,,1,1,S,0,0,,0,0,,0,0,,0,0,,0,0,,0,0,,9,8,8,NETWORK 03
609832,41.79503,-87.791581,22501,BYRNE,"5329 S Oak Park Ave, Chicago, IL 60638",(773)535-2170,NETWORK 10,ES,6,6,S,2,1,I,2,2,S,0,0,,1,1,S,0,0,,0,0,,0,0,,0,0,,0,0,,0,0,,4,10,10,NETWORK 10
609833,41.739227,-87.580692,22511,CALDWELL,"8546 S Cregier, Chicago, IL 60617",(773)535-6300,NETWORK 12,ES,6,2,I,2,1,I,2,2,S,0,0,,1,1,S,0,0,,0,0,,0,0,,0,0,,0,0,,0,0,,4,6,6,NETWORK 12
609834,41.843699,-87.717282,22521,LITTLE VILLAGE,"2620 S Lawndale Ave, Chicago, IL 60623",(773)534-1880,NETWORK 7,ES,6,11,C,2,5,C,2,5,C,0,0,,1,1,S,0,0,,0,0,,0,0,,0,0,,0,0,,0,0,,1,22,11,NETWORK 07
609835,41.903793,-87.71789,22531,CAMERON,"1234 N Monticello Ave, Chicago, IL 60651",(773)534-4290,NETWORK 5,ES,6,9,C,2,2,S,2,2,S,0,0,,1,2,C,0,0,,0,0,,0,0,,0,0,,0,0,,0,0,,8,15,11,NETWORK 05
609836,41.948008,-87.829259,22541,CANTY,"3740 N Panama Ave, Chicago, IL 60634",(773)534-1238,NETWORK 1,ES,6,7,C,2,3,C,2,2,S,0,0,,1,1,S,0,0,,0,0,,0,0,,0,0,,0,0,,0,0,,4,13,11,NETWORK 01
609837,41.783341,-87.590795,22551,CARNEGIE,"1414 E 61st Pl, Chicago, IL 60637",(773)535-0530,OS4,ES,6,9,C,2,2,S,2,3,C,0,0,,1,1,S,0,0,,0,0,,0,0,,0,0,,0,0,,0,0,,4,15,11,OS4
609839,41.742544,-87.696013,22571,CARROLL,"2929 W 83rd St, Chicago, IL 60652",(773)535-9414,NETWORK 10,ES,6,4,I,2,3,C,2,2,S,0,0,,1,1,S,0,0,,0,0,,0,0,,0,0,,0,0,,0,0,,9,10,9,NETWORK 10
609842,41.793273,-87.687763,22601,CARSON,"5516 S Maplewood Ave, Chicago, IL 60629",(773)535-9222,NETWORK 8,ES,6,7,C,2,2,S,2,2,S,0,0,,1,1,S,0,0,,0,0,,0,0,,0,0,,0,0,,0,0,,4,12,11,NETWORK 08
609844,41.789828,-87.622416,22611,CARTER,"5740 S Michigan Ave, Chicago, IL 60637",(773)535-0860,AUSL,ES,6,5,I,2,0,I,2,2,S,0,0,,1,1,S,0,0,,0,0,,0,0,,0,0,,0,0,,0,0,,3,8,8,AUSL
609845,41.65373,-87.599517,22621,"CARVER , G","901 E 133rd Pl, Chicago, IL 60827",(773)535-5674,OS4,ES,6,4,I,2,1,I,2,2,S,0,0,,1,1,S,0,0,,1,0,I,0,0,,0,0,,0,0,,0,0,,9,8,8,OS4
609848,41.657378,-87.606474,22641,ALDRIDGE,"630 E 131st St, Chicago, IL 60827",(773)535-5614,OS4,ES,6,6,S,2,3,C,2,3,C,0,0,,1,1,S,0,0,,0,0,,0,0,,0,0,,0,0,,0,0,,2,13,11,OS4
609849,41.687348,-87.703179,22651,CASSELL,"11314 S Spaulding Ave, Chicago, IL 60655",(773)535-2640,NETWORK 10,ES,6,6,S,2,2,S,2,3,C,0,0,,1,1,S,0,0,,0,0,,0,0,,0,0,,0,0,,0,0,,0,12,11,NETWORK 10
609850,41.952782,-87.650979,22661,GREELEY,"832 W Sheridan Rd, Chicago, IL 60613",(773)534-5800,NETWORK 4,ES,6,8,C,2,2,S,2,2,S,0,0,,1,1,S,0,0,,0,0,,0,0,,0,0,,0,0,,0,0,,1,13,11,NETWORK 04
609851,41.866463,-87.69526,22671,CHALMERS,"2745 W Roosevelt Rd, Chicago, IL 60608",(773)534-1720,AUSL,ES,6,2,I,2,2,S,2,2,S,0,0,,1,1,S,0,0,,0,0,,0,0,,0,0,,0,0,,0,0,,3,7,7,AUSL
609852,41.975922,-87.683264,22681,CHAPPELL,"2135 W Foster Ave, Chicago, IL 60625",(773)534-2390,NETWORK 2,ES,6,7,C,2,4,C,2,2,S,0,0,,1,0,I,0,0,,0,0,,0,0,,0,0,,0,0,,0,0,,1,13,10,NETWORK 02
609853,41.917971,-87.694586,22701,CHASE,"2021 N Point St, Chicago, IL 60647",(773)534-4185,NETWORK 4,ES,6,6,S,2,2,S,2,2,S,0,0,,1,1,S,0,0,,0,0,,0,0,,0,0,,0,0,,0,0,,2,11,11,NETWORK 04
609854,41.896685,-87.688936,22721,CHOPIN,"2450 W Rice St, Chicago, IL 60622",(773)534-4080,NETWORK 5,ES,6,5,I,2,3,C,2,5,C,0,0,,1,2,C,0,0,,0,0,,0,0,,0,0,,0,0,,0,0,,5,15,10,NETWORK 05
609855,41.801659,-87.68557,30031,CHRISTOPHER,"5042 S Artesian Ave, Chicago, IL 60632",(773)535-9375,NETWORK 8,ES,6,6,S,2,2,S,2,4,C,0,0,,1,3,C,0,0,,0,0,,0,0,,0,0,,0,0,,0,0,,2,15,11,NETWORK 08
609856,41.654558,-87.54465,22731,CLAY,"13231 S Burley Ave, Chicago, IL 60633",(773)535-5600,NETWORK 13,ES,6,6,S,2,2,S,2,2,S,0,0,,1,1,S,0,0,,0,0,,0,0,,0,0,,0,0,,0,0,,2,11,11,NETWORK 13
609857,41.95207,-87.706443,22741,CLEVELAND,"3121 W Byron St, Chicago, IL 60618",(773)534-5130,NETWORK 1,ES,6,5,I,2,3,C,2,2,S,0,0,,1,1,S,0,0,,0,0,,0,0,,0,0,,0,0,,0,0,,2,11,10,NETWORK 01
609859,41.992542,-87.698323,22751,CLINTON,"6110 N Fairfield Ave, Chicago, IL 60659",(773)534-2025,NETWORK 2,ES,6,4,I,2,2,S,2,4,C,0,0,,1,1,S,0,0,,0,0,,0,0,,0,0,,0,0,,0,0,,3,11,9,NETWORK 02
609861,41.692999,-87.680896,22761,CLISSOLD,"2350 W 110th Pl, Chicago, IL 60643",(773)535-2560,NETWORK 10,ES,6,6,S,2,1,I,2,2,S,0,0,,1,1,S,0,0,,0,0,,0,0,,0,0,,0,0,,0,0,,0,10,10,NETWORK 10
609862,41.741413,-87.566006,22771,COLES,"8441 S Yates Blvd, Chicago, IL 60617",(773)535-6550,NETWORK 12,ES,6,4,I,2,2,S,2,2,S,0,0,,1,1,S,0,0,,0,0,,0,0,,0,0,,0,0,,0,0,,6,10,9,NETWORK 12
609863,41.899565,-87.681975,22791,COLUMBUS,"1003 N Leavitt St, Chicago, IL 60622",(773)534-4350,NETWORK 5,ES,6,8,C,2,3,C,2,2,S,0,0,,1,1,S,0,0,,0,0,,0,0,,0,0,,0,0,,0,0,,3,14,11,NETWORK 05
609864,41.745238,-87.659738,22801,COOK,"8150 S Bishop St, Chicago, IL 60620",(773)535-3315,NETWORK 11,ES,6,7,C,2,4,C,2,3,C,0,0,,1,1,S,0,0,,0,0,,0,0,,0,0,,0,0,,0,0,,11,15,11,NETWORK 11
609865,42.017087,-87.677726,22811,JORDAN,"7414 N Wolcott Ave, Chicago, IL 60626",(773)534-2220,NETWORK 2,ES,6,2,I,2,2,S,2,2,S,0,0,,1,2,C,0,0,,0,0,,0,0,,0,0,,0,0,,0,0,,5,8,7,NETWORK 02
609866,41.955554,-87.683729,22821,COONLEY,"4046 N Leavitt St, Chicago, IL 60618",(773)534-5140,NETWORK 2,ES,6,9,C,2,2,S,2,2,S,0,0,,1,1,S,0,0,,0,0,,0,0,,0,0,,0,0,,0,0,,4,14,11,NETWORK 02
609867,41.856004,-87.667226,22831,COOPER,"1624 W 19th St, Chicago, IL 60608",(773)534-7205,NETWORK 7,ES,6,7,C,2,2,S,2,2,S,0,0,,1,1,S,0,0,,0,0,,0,0,,0,0,,0,0,,0,0,,7,12,11,NETWORK 07
609869,41.784681,-87.657133,22841,LANGFORD,"6010 S Throop St, Chicago, IL 60636",(773)535-9180,NETWORK 11,ES,6,4,I,2,2,S,2,2,S,0,0,,1,0,I,0,0,,0,0,,0,0,,0,0,,0,0,,0,0,,4,8,8,NETWORK 11
609870,41.845603,-87.731156,22851,CORKERY,"2510 S Kildare Ave, Chicago, IL 60623",(773)534-1650,NETWORK 7,ES,6,6,S,2,1,I,2,2,S,0,0,,1,1,S,0,0,,0,0,,0,0,,0,0,,0,0,,0,0,,2,10,10,NETWORK 07
609871,41.688163,-87.685676,26731,VICK,"2554 W 113th St, Chicago, IL 60655",(773)535-2671,NETWORK 10,ES,4,0,I,2,0,I,2,0,I,0,0,,0,0,,2,0,I,0,0,,0,0,,0,0,,0,0,,0,0,,0,0,0,NETWORK 10
609872,41.856056,-87.657981,22861,PEREZ,"1241 W 19th St, Chicago, IL 60608",(773)534-7650,NETWORK 7,ES,6,8,C,2,6,C,2,2,S,0,0,,1,1,S,0,0,,0,0,,0,0,,0,0,,0,0,,0,0,,3,17,11,NETWORK 07
609873,41.852664,-87.712433,31041,CROWN,"2128 S Saint Louis Ave, Chicago, IL 60623",(773)534-1680,OS4,ES,6,2,I,2,1,I,2,2,S,0,0,,1,1,S,0,0,,0,0,,0,0,,0,0,,0,0,,0,0,,0,6,6,OS4
609874,41.973742,-87.841042,22871,DIRKSEN,"8601 W Foster Ave, Chicago, IL 60656",(773)534-1090,NETWORK 1,ES,6,7,C,2,2,S,2,2,S,0,0,,1,1,S,0,0,,0,0,,0,0,,0,0,,0,0,,0,0,,1,12,11,NETWORK 01
609875,41.923295,-87.705412,22881,DARWIN,"3116 W Belden Ave, Chicago, IL 60647",(773)534-4110,NETWORK 4,ES,6,9,C,2,3,C,2,2,S,0,0,,1,1,S,0,0,,0,0,,0,0,,0,0,,0,0,,0,0,,1,15,11,NETWORK 04
609876,41.821824,-87.700201,22891,"DAVIS, N","3014 W 39th Pl, Chicago, IL 60632",(773)535-4540,NETWORK 8,ES,6,12,C,2,3,C,2,2,S,0,0,,1,1,S,0,0,,0,0,,0,0,,0,0,,0,0,,0,0,,1,18,11,NETWORK 08
609879,41.74505,-87.717353,22901,DAWES,"3810 W 81st Pl, Chicago, IL 60652",(773)535-2350,NETWORK 10,ES,6,6,S,2,3,C,2,2,S,0,0,,1,1,S,0,0,,0,0,,0,0,,0,0,,0,0,,0,0,,3,12,11,NETWORK 10
609880,42.009288,-87.704582,29031,DECATUR,"7030 N Sacramento Ave, Chicago, IL 60645",(773)534-2201,NETWORK 2,ES,6,7,C,2,3,C,2,2,S,0,0,,1,1,S,0,0,,0,0,,0,0,,0,0,,0,0,,0,0,,0,13,11,NETWORK 02
609883,41.762491,-87.623308,22931,DENEEN,"7240 S Wabash Ave, Chicago, IL 60619",(773)535-3035,AUSL,ES,6,7,C,2,2,S,2,2,S,0,0,,1,1,S,0,0,,0,0,,0,0,,0,0,,0,0,,0,0,,8,12,11,AUSL
609884,41.942552,-87.813095,22941,DEVER,"3436 N Osceola Ave, Chicago, IL 60634",(773)534-3090,NETWORK 1,ES,6,6,S,2,2,S,2,2,S,0,0,,1,1,S,0,0,,0,0,,0,0,,0,0,,0,0,,0,0,,0,11,11,NETWORK 01
609885,41.795645,-87.642688,22951,DEWEY,"5415 S Union Ave, Chicago, IL 60609",(773)535-1666,AUSL,ES,6,5,I,2,0,I,2,2,S,0,0,,1,0,I,0,0,,0,0,,0,0,,0,0,,0,0,,0,0,,4,8,7,AUSL
609887,41.74367,-87.609942,22971,DIXON,"8306 S Saint Lawrence Ave, Chicago, IL 60619",(773)535-3834,NETWORK 12,ES,6,7,C,2,2,S,2,2,S,0,0,,1,1,S,0,0,,0,0,,0,0,,0,0,,0,0,,0,0,,4,12,11,NETWORK 12
609888,41.889287,-87.705062,22981,DODGE,"431 N Troy St, Chicago, IL 60612",(773)534-6640,AUSL,ES,2,2,S,2,3,C,2,2,S,0,0,,0,0,,0,0,,0,0,,0,0,,0,0,,0,0,,2,2,S,3,9,8,AUSL
609891,41.831147,-87.612959,22991,DOOLITTLE,"535 E 35th St, Chicago, IL 60653",(773)535-1040,NETWORK 9,ES,6,4,I,2,1,I,2,1,I,0,0,,1,0,I,0,0,,0,0,,0,0,,0,0,,0,0,,0,0,,8,6,6,NETWORK 09
609893,41.780955,-87.787568,23001,DORE,"6108 S Natoma Ave, Chicago, IL 60638",(773)535-2080,NETWORK 10,ES,6,8,C,2,0,I,2,3,C,0,0,,1,1,S,0,0,,0,0,,0,0,,0,0,,0,0,,0,0,,1,12,9,NETWORK 10
609894,41.844044,-87.628517,23011,DRAKE,"2710 S Dearborn St, Chicago, IL 60616",(773)534-9129,NETWORK 9,ES,6,4,I,2,1,I,2,2,S,0,0,,1,1,S,0,0,,0,0,,0,0,,0,0,,0,0,,0,0,,4,8,8,NETWORK 09
609895,41.725598,-87.630131,29041,TURNER-DREW,"9300 S Princeton Ave, Chicago, IL 60620",(773)535-5720,NETWORK 11,ES,6,6,S,2,2,S,2,2,S,0,0,,1,1,S,0,0,,0,0,,0,0,,0,0,,0,0,,0,0,,6,11,11,NETWORK 11
609896,41.915941,-87.674495,23021,DRUMMOND,"1845 W Cortland St, Chicago, IL 60622",(773)534-4120,NETWORK 6,ES,6,11,C,2,1,I,2,1,I,0,0,,1,0,I,0,0,,0,0,,0,0,,0,0,,0,0,,0,0,,0,13,8,NETWORK 06
609897,41.781198,-87.675547,23031,EARLE,"2040 W 62nd St, Chicago, IL 60636",(773)535-9130,NETWORK 11,ES,6,16,C,2,1,I,2,2,S,0,0,,1,1,S,0,0,,0,0,,0,0,,0,0,,0,0,,0,0,,4,20,10,NETWORK 11
609898,41.774393,-87.707952,23041,EBERHART,"3400 W 65th Pl, Chicago, IL 60629",(773)535-9190,NETWORK 10,ES,6,6,S,2,2,S,2,2,S,0,0,,1,1,S,0,0,,0,0,,0,0,,0,0,,0,0,,0,0,,3,11,11,NETWORK 10
609899,42.004381,-87.811168,23051,EBINGER,"7350 W Pratt Ave, Chicago, IL 60631",(773)534-1070,NETWORK 1,ES,6,11,C,2,3,C,2,2,S,0,0,,1,1,S,0,0,,0,0,,0,0,,0,0,,0,0,,0,0,,1,17,11,NETWORK 01
609900,41.685391,-87.621652,23061,CURTIS,"32 E 115th St, Chicago, IL 60628",(773)535-5050,AUSL,ES,6,4,I,2,2,S,2,2,S,0,0,,1,1,S,0,0,,0,0,,0,0,,0,0,,0,0,,0,0,,8,9,9,AUSL
609901,41.999414,-87.76186,23071,EDGEBROOK,"6525 N Hiawatha Ave, Chicago, IL 60646",(773)534-1194,NETWORK 1,ES,6,5,I,2,0,I,2,3,C,0,0,,1,1,S,0,0,,0,0,,0,0,,0,0,,0,0,,0,0,,0,9,8,NETWORK 01
609902,41.669443,-87.634342,31061,METCALFE,"12339 S Normal Ave, Chicago, IL 60628",(773)535-5590,NETWORK 13,ES,6,3,I,2,1,I,2,2,S,0,0,,1,1,S,0,0,,0,0,,0,0,,0,0,,0,0,,0,0,,5,7,7,NETWORK 13
609903,41.805541,-87.725893,23081,EDWARDS,"4815 S Karlov Ave, Chicago, IL 60632",(773)535-4875,NETWORK 8,ES,6,8,C,2,2,S,2,3,C,0,0,,1,2,C,0,0,,0,0,,0,0,,0,0,,0,0,,0,0,,2,15,11,NETWORK 08
609904,41.885529,-87.766626,23101,ELLINGTON,"243 N Parkside Ave, Chicago, IL 60644",(773)534-6361,NETWORK 3,ES,6,6,S,2,4,C,2,4,C,0,0,,1,1,S,0,0,,0,0,,0,0,,0,0,,0,0,,0,0,,3,15,11,NETWORK 03
609907,41.875718,-87.715792,29051,ERICSON,"3600 W 5th Ave,, Chicago, IL 60624",(773)534-6660,OS4,ES,6,7,C,2,3,C,2,4,C,0,0,,1,1,S,0,0,,0,0,,0,0,,0,0,,0,0,,0,0,,4,15,11,OS4
609908,41.689445,-87.669144,23131,ESMOND,"1865 W Montvale, Chicago, IL 60643",(773)535-2650,OS4,ES,6,5,I,2,1,I,2,2,S,0,0,,1,1,S,0,0,,0,0,,0,0,,0,0,,0,0,,0,0,,4,9,9,OS4
609909,41.831555,-87.681347,23141,EVERETT,"3419 S Bell Ave, Chicago, IL 60608",(773)535-4550,NETWORK 8,ES,6,7,C,2,2,S,2,4,C,0,0,,1,2,C,0,0,,0,0,,0,0,,0,0,,0,0,,0,0,,4,15,11,NETWORK 08
609910,41.935785,-87.749294,23151,FALCONER,"3020 N Lamon Ave, Chicago, IL 60641",(773)534-3560,NETWORK 3,ES,6,2,I,2,1,I,2,3,C,0,0,,1,1,S,0,0,,0,0,,0,0,,0,0,,0,0,,0,0,,5,7,6,NETWORK 03
609912,41.97979,-87.766035,23161,FARNSWORTH,"5414 N Linder Ave, Chicago, IL 60630",(773)534-3535,NETWORK 1,ES,6,6,S,2,3,C,2,2,S,0,0,,1,1,S,0,0,,0,0,,0,0,,0,0,,0,0,,0,0,,3,12,11,NETWORK 01
609917,41.711183,-87.64045,23201,FERNWOOD,"10041 S Union Ave, Chicago, IL 60628",(773)535-2700,NETWORK 13,ES,6,6,S,2,0,I,2,2,S,0,0,,1,1,S,0,0,,0,0,,0,0,,0,0,,0,0,,0,0,,5,10,9,NETWORK 13
609918,42.009663,-87.670022,23211,FIELD,"7019 N Ashland Ave, Chicago, IL 60626",(773)534-2030,NETWORK 2,ES,6,6,S,2,5,C,2,2,S,0,0,,1,1,S,0,0,,0,0,,0,0,,0,0,,0,0,,0,0,,4,14,11,NETWORK 02
609919,41.785183,-87.608596,23221,FISKE,"6020 S Langley Ave, Chicago, IL 60637",(773)535-0990,NETWORK 9,ES,6,5,I,2,2,S,2,2,S,0,0,,1,1,S,0,0,,0,0,,0,0,,0,0,,0,0,,0,0,,6,10,10,NETWORK 09
609920,41.850771,-87.705149,29071,KANOON,"2233 S Kedzie Ave, Chicago, IL 60623",(773)534-1736,NETWORK 7,ES,6,7,C,2,0,I,2,2,S,0,0,,1,2,C,0,0,,0,0,,0,0,,0,0,,0,0,,0,0,,4,11,9,NETWORK 07
609921,41.847923,-87.69663,23231,TELPOCHCALLI,"2832 W 24th Blvd, Chicago, IL 60623",(773)534-1402,OS4,ES,4,3,I,0,0,,4,4,S,0,0,,0,0,,2,2,S,0,0,,0,0,,0,0,,0,0,,0,0,,0,9,9,OS4
609922,41.920483,-87.758213,26772,BELMONT-CRAGIN,"5252 W Palmer St, Chicago, IL 60639",(773)534-2900,NETWORK 3,ES,6,12,C,2,4,C,2,4,C,0,0,,1,3,C,0,0,,0,0,,0,0,,0,0,,0,0,,0,0,,4,23,11,NETWORK 03
609924,41.729672,-87.655518,23241,FORT DEARBORN,"9025 S Throop St, Chicago, IL 60620",(773)535-2680,NETWORK 11,ES,6,11,C,2,2,S,2,4,C,0,0,,1,1,S,0,0,,0,0,,0,0,,0,0,,0,0,,0,0,,4,18,11,NETWORK 11
609925,41.871179,-87.700856,23251,KELLMAN,"751 S Sacramento Blvd, Chicago, IL 60612",(773)534-6602,NETWORK 5,ES,6,3,I,2,2,S,2,2,S,0,0,,1,0,I,0,0,,0,0,,0,0,,0,0,,0,0,,0,0,,4,7,7,NETWORK 05
609926,41.906627,-87.635514,29081,FRANKLIN,"225 W Evergreen Ave, Chicago, IL 60610",(773)534-8510,NETWORK 4,ES,6,6,S,2,2,S,2,2,S,0,0,,1,1,S,0,0,,0,0,,0,0,,0,0,,0,0,,0,0,,7,11,11,NETWORK 04
609927,41.738426,-87.668063,23261,FOSTER PARK,"8530 S Wood St, Chicago, IL 60620",(773)535-2725,NETWORK 11,ES,6,5,I,2,2,S,2,2,S,0,0,,1,1,S,0,0,,0,0,,0,0,,0,0,,0,0,,0,0,,10,10,10,NETWORK 11
609928,41.818004,-87.611747,23271,FULLER,"4214 S Saint Lawrence Ave, Chicago, IL 60653",(773)535-1687,AUSL,ES,6,9,C,2,2,S,2,3,C,0,0,,1,1,S,0,0,,0,0,,0,0,,0,0,,0,0,,0,0,,7,15,11,AUSL
609929,41.797581,-87.668399,23281,FULTON,"5300 S Hermitage Ave, Chicago, IL 60609",(773)535-9000,NETWORK 11,ES,6,4,I,2,1,I,2,2,S,0,0,,1,1,S,0,0,,0,0,,0,0,,0,0,,0,0,,0,0,,5,8,8,NETWORK 11
609930,41.917617,-87.716855,23291,FUNSTON,"2010 N Central Park, Chicago, IL 60647",(773)534-4125,NETWORK 4,ES,6,6,S,2,2,S,2,2,S,0,0,,1,1,S,0,0,,0,0,,0,0,,0,0,,0,0,,0,0,,3,11,11,NETWORK 04
609933,42.021118,-87.671937,31081,GALE,"1631 W Jonquil Ter, Chicago, IL 60626",(773)534-2100,NETWORK 2,ES,6,3,I,2,2,S,2,3,C,0,0,,1,1,S,0,0,,0,0,,0,0,,0,0,,0,0,,0,0,,4,9,8,NETWORK 02
609935,41.706801,-87.535212,29091,GALLISTEL,"10347 S Ewing Ave, Chicago, IL 60617",(773)535-6540,NETWORK 13,ES,6,5,I,2,4,C,2,2,S,0,0,,1,2,C,0,0,,0,0,,0,0,,0,0,,0,0,,0,0,,3,13,10,NETWORK 13
609937,41.976352,-87.796272,23301,GARVY,"5225 N Oak Park Ave, Chicago, IL 60656",(773)534-1185,NETWORK 1,ES,6,6,S,2,2,S,2,2,S,0,0,,1,1,S,0,0,,0,0,,0,0,,0,0,,0,0,,0,0,,0,11,11,NETWORK 01
609938,41.837038,-87.718696,23311,GARY,"3740 W 31st St, Chicago, IL 60623",(773)534-1455,NETWORK 7,ES,6,9,C,2,6,C,2,2,S,0,0,,1,3,C,0,0,,0,0,,0,0,,0,0,,0,0,,0,0,,4,20,11,NETWORK 07
609939,41.725332,-87.623756,23321,GILLESPIE,"9301 S State St, Chicago, IL 60619",(773)535-5065,NETWORK 12,ES,6,3,I,2,3,C,2,2,S,0,0,,1,1,S,0,0,,0,0,,0,0,,0,0,,0,0,,0,0,,4,9,8,NETWORK 12
609941,41.760615,-87.675929,29111,RANDOLPH,"7316 S Hoyne Ave, Chicago, IL 60636",(773)535-9015,NETWORK 11,ES,6,1,I,2,1,I,2,2,S,0,0,,1,0,I,0,0,,0,0,,0,0,,0,0,,0,0,,0,0,,2,4,4,NETWORK 11
609942,41.922832,-87.692863,23341,GOETHE,"2236 N Rockwell St, Chicago, IL 60647",(773)534-4135,NETWORK 4,ES,6,7,C,2,2,S,2,2,S,0,0,,1,1,S,0,0,,0,0,,0,0,,0,0,,0,0,,0,0,,0,12,11,NETWORK 04
609943,41.670618,-87.622509,23351,GOMPERS,"12302 S State St, Chicago, IL 60628",(773)535-5475,NETWORK 13,ES,6,2,I,2,2,S,2,2,S,0,0,,1,1,S,0,0,,0,0,,0,0,,0,0,,0,0,,0,0,,5,7,7,NETWORK 13
609944,41.662481,-87.55327,23361,GRISSOM,"12810 S Escanaba Ave, Chicago, IL 60633",(773)535-5380,NETWORK 13,ES,6,7,C,2,1,I,2,2,S,0,0,,1,1,S,0,0,,0,0,,0,0,,0,0,,0,0,,0,0,,2,11,10,NETWORK 13
609945,41.975817,-87.657876,23371,GOUDY,"5120 N Winthrop Ave, Chicago, IL 60640",(773)534-2480,NETWORK 2,ES,6,12,C,2,3,C,2,4,C,0,0,,1,1,S,0,0,,0,0,,0,0,,0,0,,0,0,,0,0,,2,20,11,NETWORK 02
609947,41.813304,-87.643308,23391,GRAHAM,"4436 S Union Ave, Chicago, IL 60609",(773)535-1308,NETWORK 6,ES,6,8,C,2,2,S,2,2,S,0,0,,1,1,S,0,0,,0,0,,0,0,,0,0,,0,0,,0,0,,1,13,11,NETWORK 06
609949,41.948764,-87.757079,23401,"GRAY, W","3730 N Laramie Ave, Chicago, IL 60641",(773)534-3520,NETWORK 1,ES,6,6,S,2,2,S,2,2,S,0,0,,1,1,S,0,0,,0,0,,0,0,,0,0,,0,0,,0,0,,4,11,11,NETWORK 01
609950,41.838791,-87.717154,23411,ORTIZ DE DOMINGUEZ,"3000 S Lawndale Ave, Chicago, IL 60623",(773)534-1600,NETWORK 7,ES,6,6,S,2,3,C,2,2,S,0,0,,1,1,S,0,0,,0,0,,0,0,,0,0,,0,0,,0,0,,1,12,11,NETWORK 07
609951,41.811389,-87.59852,23421,ARIEL,"1119 E 46th St, Chicago, IL 60653",(773)535-1996,NETWORK 9,ES,6,5,I,2,2,S,2,2,S,0,0,,0,0,,2,2,S,0,0,,0,0,,0,0,,0,0,,0,0,,2,11,11,NETWORK 09
609952,41.829669,-87.671529,23431,GREENE,"3525 S Honore, Chicago, IL 60609",(773)535-4560,NETWORK 8,ES,6,8,C,2,2,S,2,3,C,0,0,,1,1,S,0,0,,0,0,,0,0,,0,0,,0,0,,0,0,,0,15,11,NETWORK 08
609954,41.87077,-87.718666,23441,GREGORY,"3715 W Polk St, Chicago, IL 60624",(773)534-6820,NETWORK 5,ES,6,4,I,2,2,S,2,2,S,0,0,,1,1,S,0,0,,0,0,,0,0,,0,0,,0,0,,0,0,,4,9,9,NETWORK 05
609955,41.738921,-87.644989,23451,GRESHAM,"8524 S Green St, Chicago, IL 60620",(773)535-3350,NETWORK 11,ES,6,5,I,2,2,S,2,2,S,0,0,,1,1,S,0,0,,0,0,,0,0,,0,0,,0,0,,0,0,,7,10,10,NETWORK 11
609956,41.775437,-87.758802,23461,GRIMES,"5450 W 64th Pl, Chicago, IL 60638",(773)535-2364,NETWORK 10,ES,6,6,S,2,1,I,2,2,S,0,0,,1,1,S,0,0,,0,0,,0,0,,0,0,,0,0,,0,0,,0,10,10,NETWORK 10
609958,41.813008,-87.699328,29121,GUNSAULUS,"4420 S Sacramento Ave, Chicago, IL 60632",(773)535-7215,NETWORK 8,ES,6,10,C,2,0,I,2,5,C,0,0,,1,1,S,0,0,,0,0,,0,0,,0,0,,0,0,,0,0,,1,16,9,NETWORK 08
609959,41.849986,-87.633807,23481,HAINES,"247 W 23rd Pl, Chicago, IL 60616",(773)534-9200,NETWORK 6,ES,6,6,S,2,2,S,2,2,S,0,0,,1,1,S,0,0,,0,0,,0,0,,0,0,,0,0,,0,0,,3,11,11,NETWORK 06
609960,41.780193,-87.776542,23491,HALE,"6140 S Melvina, Chicago, IL 60638",(773)535-2265,NETWORK 10,ES,6,7,C,2,3,C,2,2,S,0,0,,1,1,S,0,0,,0,0,,0,0,,0,0,,0,0,,0,0,,3,13,11,NETWORK 10
609961,41.743755,-87.551825,31101,HEROES,"8344 S Commercial Ave, Chicago, IL 60617",(773)535-6694,NETWORK 12,ES,6,2,I,2,1,I,2,2,S,0,0,,1,1,S,0,0,,0,0,,0,0,,0,0,,0,0,,0,0,,2,6,6,NETWORK 12
609963,41.945192,-87.670865,23501,HAMILTON,"1650 W Cornelia Ave, Chicago, IL 60657",(773)534-5484,NETWORK 4,ES,6,14,C,2,2,S,2,3,C,0,0,,1,1,S,0,0,,0,0,,0,0,,0,0,,0,0,,0,0,,0,20,11,NETWORK 04
609964,41.807241,-87.661211,23511,HAMLINE,"4747 S Bishop St, Chicago, IL 60609",(773)535-4565,NETWORK 8,ES,6,9,C,2,0,I,2,5,C,0,0,,1,1,S,0,0,,0,0,,0,0,,0,0,,0,0,,0,0,,0,15,9,NETWORK 08
609966,41.852747,-87.696244,23531,HAMMOND,"2819 W 21st Pl, Chicago, IL 60623",(773)535-4580,OS4,ES,6,10,C,2,5,C,2,2,S,0,0,,1,1,S,0,0,,0,0,,0,0,,0,0,,0,0,,0,0,,7,18,11,OS4
609967,41.849215,-87.685631,23541,FINKL,"2332 S Western Ave, Chicago, IL 60608",(773)535-5850,NETWORK 7,ES,6,6,S,2,1,I,2,2,S,0,0,,1,1,S,0,0,,0,0,,0,0,,0,0,,0,0,,0,0,,4,10,10,NETWORK 07
609968,41.914816,-87.723968,23551,MCAULIFFE,"1841 N Springfield Ave, Chicago, IL 60647",(773)534-4400,NETWORK 4,ES,6,6,S,2,2,S,2,2,S,0,0,,1,1,S,0,0,,0,0,,0,0,,0,0,,0,0,,0,0,,1,11,11,NETWORK 04
609969,41.79342,-87.586854,23561,HARTE,"1556 E 56th St, Chicago, IL 60637",(773)535-0870,NETWORK 9,ES,6,4,I,2,2,S,2,2,S,0,0,,1,1,S,0,0,,0,0,,0,0,,0,0,,0,0,,0,0,,4,10,9,NETWORK 09
609971,41.75734,-87.632774,23581,HARVARD,"7525 S Harvard, Chicago, IL 60620",(773)535-3045,AUSL,ES,6,6,S,2,2,S,2,2,S,0,0,,1,1,S,0,0,,0,0,,0,0,,0,0,,0,0,,0,0,,3,11,11,AUSL
609972,41.964029,-87.723091,23591,HAUGAN,"4540 N Hamlin Ave, Chicago, IL 60625",(773)534-5040,NETWORK 1,ES,6,3,I,2,5,C,2,2,S,0,0,,1,1,S,0,0,,0,0,,0,0,,0,0,,0,0,,0,0,,4,11,8,NETWORK 01
609973,41.841395,-87.734277,23611,ZAPATA,"2728 S Kostner Ave, Chicago, IL 60623",(773)534-1390,NETWORK 7,ES,6,7,C,2,2,S,2,2,S,0,0,,1,1,S,0,0,,0,0,,0,0,,0,0,,0,0,,0,0,,0,12,11,NETWORK 07
609974,41.942275,-87.657746,29131,HAWTHORNE,"3319 N Clifton Ave, Chicago, IL 60657",(773)534-5550,NETWORK 4,ES,6,8,C,2,3,C,2,2,S,0,0,,1,1,S,0,0,,0,0,,0,0,,0,0,,0,0,,0,0,,1,14,11,NETWORK 04
609975,41.899172,-87.755777,31111,HAY,"1018 N Laramie Ave, Chicago, IL 60651",(773)534-6000,NETWORK 3,ES,6,9,C,2,6,C,2,2,S,0,0,,1,1,S,0,0,,0,0,,0,0,,0,0,,0,0,,0,0,,9,18,11,NETWORK 03
609976,41.994513,-87.668503,23621,HAYT,"1518 W Granville Ave, Chicago, IL 60660",(773)534-2040,NETWORK 2,ES,6,8,C,2,4,C,2,2,S,0,0,,1,1,S,0,0,,0,0,,0,0,,0,0,,0,0,,0,0,,9,15,11,NETWORK 02
609977,41.773365,-87.594429,23631,WOODLAWN,"6657 S Kimbark Ave, Chicago, IL 60637",(773)535-0801,NETWORK 9,ES,6,6,S,2,2,S,2,2,S,0,0,,0,0,,2,0,I,0,0,,0,0,,0,0,,0,0,,0,0,,1,10,10,NETWORK 09
609978,41.70753,-87.60466,23641,SMITH,"744 E 103rd St, Chicago, IL 60628",(773)535-5689,NETWORK 13,ES,6,9,C,2,3,C,2,2,S,0,0,,1,1,S,0,0,,0,0,,0,0,,0,0,,0,0,,0,0,,7,15,11,NETWORK 13
609979,41.839595,-87.640304,23651,HEALY,"3010 S Parnell Ave, Chicago, IL 60616",(773)534-9190,NETWORK 6,ES,6,5,I,2,3,C,2,2,S,0,0,,1,1,S,0,0,,0,0,,0,0,,0,0,,0,0,,0,0,,3,11,10,NETWORK 06
609981,41.808176,-87.745689,23671,HEARST,"4640 S Lamon Ave, Chicago, IL 60638",(773)535-2376,NETWORK 10,ES,6,6,S,2,1,I,2,2,S,0,0,,1,1,S,0,0,,0,0,,0,0,,0,0,,0,0,,0,0,,3,10,10,NETWORK 10
609983,41.807112,-87.673364,23681,HEDGES,"4747 S Winchester Ave, Chicago, IL 60609",(773)535-7360,NETWORK 8,ES,6,7,C,2,2,S,2,2,S,0,0,,1,1,S,0,0,,0,0,,0,0,,0,0,,0,0,,0,0,,4,12,11,NETWORK 08
609985,41.878692,-87.735802,23711,HEFFERAN,"4409 W Wilcox St, Chicago, IL 60624",(773)534-6192,NETWORK 5,ES,6,6,S,2,2,S,2,2,S,0,0,,1,1,S,0,0,,0,0,,0,0,,0,0,,0,0,,0,0,,8,11,11,NETWORK 05
609986,41.790592,-87.671851,23721,HENDERSON,"5650 S Wolcott Ave, Chicago, IL 60636",(773)535-9080,NETWORK 11,ES,6,6,S,2,3,C,2,2,S,0,0,,1,1,S,0,0,,0,0,,0,0,,0,0,,0,0,,0,0,,6,12,11,NETWORK 11
609987,41.815788,-87.633628,31121,HENDRICKS,"4316 S Princeton Ave, Chicago, IL 60609",(773)535-1696,NETWORK 9,ES,6,4,I,2,0,I,2,3,C,0,0,,1,1,S,0,0,,0,0,,0,0,,0,0,,0,0,,0,0,,6,8,7,NETWORK 09
609988,41.958989,-87.715596,23731,HENRY,"4250 N Saint Louis Ave, Chicago, IL 60618",(773)534-5060,NETWORK 1,ES,6,7,C,2,2,S,2,2,S,0,0,,1,2,C,0,0,,0,0,,0,0,,0,0,,0,0,,0,0,,0,13,11,NETWORK 01
609990,41.866875,-87.628578,23751,SOUTH LOOP,"1212 S Plymouth Ct, Chicago, IL 60605",(773)534-8690,NETWORK 6,ES,6,7,C,2,1,I,2,1,I,0,0,,1,1,S,0,0,,0,0,,0,0,,0,0,,0,0,,0,0,,5,10,9,NETWORK 06
609991,41.86231,-87.718256,23771,HERZL,"3711 W Douglas Blvd, Chicago, IL 60623",(773)534-1480,AUSL,ES,6,6,S,2,2,S,2,2,S,0,0,,1,2,C,0,0,,0,0,,0,0,,0,0,,0,0,,0,0,,5,12,11,AUSL
609993,41.80977,-87.672218,23791,LARA,"4619 S Wolcott Ave, Chicago, IL 60609",(773)535-4389,NETWORK 8,ES,6,6,S,2,2,S,2,2,S,0,0,,1,2,C,0,0,,0,0,,0,0,,0,0,,0,0,,0,0,,0,12,11,NETWORK 08
609994,41.970308,-87.710361,23801,HIBBARD,"3244 W Ainslie St, Chicago, IL 60625",(773)534-5191,NETWORK 1,ES,6,5,I,2,3,C,2,2,S,0,0,,1,1,S,0,0,,0,0,,0,0,,0,0,,0,0,,0,0,,1,11,10,NETWORK 01
609995,41.983672,-87.77916,23811,HITCH,"5625 N McVicker Ave, Chicago, IL 60646",(773)534-1189,NETWORK 1,ES,6,7,C,2,2,S,2,3,C,0,0,,1,1,S,0,0,,0,0,,0,0,,0,0,,0,0,,0,0,,1,13,11,NETWORK 01
609996,41.838,-87.653791,23821,HOLDEN,"1104 W 31st St, Chicago, IL 60608",(773)535-7200,NETWORK 6,ES,6,3,I,2,1,I,2,3,C,0,0,,1,1,S,0,0,,0,0,,0,0,,0,0,,0,0,,0,0,,4,8,7,NETWORK 06
609997,41.793815,-87.649796,23831,HOLMES,"955 W Garfield Blvd, Chicago, IL 60621",(773)535-9025,OS4,ES,6,6,S,2,3,C,2,2,S,0,0,,1,2,C,0,0,,0,0,,0,0,,0,0,,0,0,,0,0,,4,13,11,OS4
610000,41.893613,-87.759362,23851,HOWE,"720 N Lorel Ave, Chicago, IL 60644",(773)534-6060,AUSL,ES,6,6,S,2,2,S,2,2,S,0,0,,1,1,S,0,0,,0,0,,0,0,,0,0,,0,0,,0,0,,5,11,11,AUSL
610002,41.733337,-87.568265,23871,HOYNE,"8905 S Crandon Ave, Chicago, IL 60617",(773)535-6425,NETWORK 12,ES,6,4,I,2,3,C,2,2,S,0,0,,1,1,S,0,0,,0,0,,0,0,,0,0,,0,0,,0,0,,1,10,9,NETWORK 12
610003,41.742452,-87.653597,23881,CUFFE,"8324 S Racine Ave, Chicago, IL 60620",(773)535-8250,NETWORK 11,ES,6,6,S,2,1,I,2,2,S,0,0,,1,1,S,0,0,,0,0,,0,0,,0,0,,0,0,,0,0,,6,10,10,NETWORK 11
610004,41.700336,-87.611208,23891,CULLEN,"10650 S Eberhart Ave, Chicago, IL 60628",(773)535-5375,NETWORK 13,ES,6,6,S,2,7,C,2,4,C,0,0,,1,2,C,0,0,,0,0,,0,0,,0,0,,0,0,,0,0,,4,19,11,NETWORK 13
610005,41.860545,-87.731778,23901,"HUGHES, C","4247 W 15th St, Chicago, IL 60623",(773)534-1762,NETWORK 5,ES,6,7,C,2,2,S,2,2,S,0,0,,1,1,S,0,0,,0,0,,0,0,,0,0,,0,0,,0,0,,10,12,11,NETWORK 05
610006,41.766813,-87.719542,23911,HURLEY,"3849 W 69th Pl, Chicago, IL 60629",(773)535-2068,NETWORK 10,ES,6,11,C,2,1,I,2,5,C,0,0,,1,1,S,0,0,,0,0,,0,0,,0,0,,0,0,,0,0,,4,18,10,NETWORK 10
610009,41.871255,-87.653329,29141,GALILEO,"820 S Carpenter St, Chicago, IL 60607",(773)534-7070,NETWORK 6,ES,6,9,C,2,2,S,2,2,S,0,0,,1,1,S,0,0,,0,0,,0,0,,0,0,,0,0,,0,0,,5,14,11,NETWORK 06
610010,41.939247,-87.675846,23921,JAHN,"3149 N Wolcott Ave, Chicago, IL 60657",(773)534-5500,NETWORK 4,ES,6,5,I,2,3,C,2,2,S,0,0,,1,1,S,0,0,,0,0,,0,0,,0,0,,0,0,,0,0,,2,11,10,NETWORK 04
610011,41.984642,-87.700493,23931,JAMIESON,"5650 N Mozart St, Chicago, IL 60659",(773)534-2395,NETWORK 2,ES,6,6,S,2,2,S,2,2,S,0,0,,1,1,S,0,0,,0,0,,0,0,,0,0,,0,0,,0,0,,1,11,11,NETWORK 02
610012,41.902054,-87.641092,23951,JENNER,"1119 N Cleveland Ave, Chicago, IL 60610",(773)534-8440,NETWORK 6,ES,6,3,I,2,1,I,2,2,S,0,0,,1,1,S,0,0,,0,0,,0,0,,0,0,,0,0,,0,0,,4,7,7,NETWORK 06
610013,41.858821,-87.662209,31141,PILSEN,"1420 W 17th St, Chicago, IL 60608",(773)534-7675,NETWORK 7,ES,6,7,C,2,4,C,2,2,S,0,0,,1,1,S,0,0,,0,0,,0,0,,0,0,,0,0,,0,0,,3,14,11,NETWORK 07
610015,41.858065,-87.652265,23961,JUNGMAN,"1746 S Miller St, Chicago, IL 60608",(773)534-7375,NETWORK 7,ES,6,6,S,2,3,C,2,3,C,0,0,,1,1,S,0,0,,0,0,,0,0,,0,0,,0,0,,0,0,,0,13,11,NETWORK 07
610016,41.725271,-87.677275,23971,KELLOGG,"9241 S Leavitt St, Chicago, IL 60620",(773)535-2590,NETWORK 10,ES,6,7,C,2,3,C,2,2,S,0,0,,1,1,S,0,0,,0,0,,0,0,,0,0,,0,0,,0,0,,3,13,11,NETWORK 10
610017,41.847913,-87.697315,29151,SAUCEDO,"2850 W 24th Blvd, Chicago, IL 60623",(773)534-1770,NETWORK 7,ES,6,8,C,2,5,C,2,4,C,0,0,,1,2,C,0,0,,0,0,,0,0,,0,0,,0,0,,0,0,,6,19,11,NETWORK 07
610019,41.776453,-87.640855,23991,KERSHAW,"6450 S Lowe Ave, Chicago, IL 60621",(773)535-3050,NETWORK 11,ES,6,6,S,2,2,S,2,2,S,0,0,,1,1,S,0,0,,0,0,,0,0,,0,0,,0,0,,0,0,,4,11,11,NETWORK 11
610021,41.90453,-87.714234,24011,CASALS,"3501 W Potomac Ave, Chicago, IL 60651",(773)534-4444,AUSL,ES,6,6,S,2,2,S,2,2,S,0,0,,1,1,S,0,0,,0,0,,0,0,,0,0,,0,0,,0,0,,1,12,11,AUSL
610022,42.003641,-87.668186,24021,KILMER,"6700 N Greenview Ave, Chicago, IL 60626",(773)534-2115,NETWORK 2,ES,6,6,S,2,4,C,2,2,S,0,0,,1,1,S,0,0,,0,0,,0,0,,0,0,,0,0,,0,0,,6,13,11,NETWORK 02
610024,41.848487,-87.716054,24051,CARDENAS,"2345 S Millard Ave, Chicago, IL 60623",(773)534-1465,NETWORK 7,ES,6,6,S,2,2,S,2,2,S,0,0,,1,1,S,0,0,,0,0,,0,0,,0,0,,0,0,,0,0,,8,11,11,NETWORK 07
610026,41.789723,-87.779179,24071,KINZIE,"5625 S Mobile Ave, Chicago, IL 60638",(773)535-2425,NETWORK 10,ES,6,6,S,2,2,S,2,2,S,0,0,,1,1,S,0,0,,0,0,,0,0,,0,0,,0,0,,0,0,,1,11,11,NETWORK 10
610027,41.723626,-87.639557,24081,KIPLING,"9351 S Lowe Ave, Chicago, IL 60620",(773)535-3151,NETWORK 11,ES,6,5,I,2,2,S,2,1,I,0,0,,1,0,I,0,0,,0,0,,0,0,,0,0,,0,0,,0,0,,11,8,8,NETWORK 11
610029,41.908885,-87.66513,24101,LOZANO ES,"1501 N Greenview Ave, Chicago, IL 60642",(773)534-4750,NETWORK 6,ES,6,6,S,2,2,S,2,2,S,0,0,,1,1,S,0,0,,0,0,,0,0,,0,0,,0,0,,0,0,,0,11,11,NETWORK 06
610030,41.797974,-87.602481,31151,KOZMINSKI,"936 E 54th St, Chicago, IL 60615",(773)535-0980,NETWORK 9,ES,6,5,I,2,1,I,2,2,S,0,0,,1,0,I,0,0,,0,0,,0,0,,0,0,,0,0,,0,0,,8,8,8,NETWORK 09
610032,41.719265,-87.6525,24131,GREEN,"1150 W 96th St, Chicago, IL 60643",(773)535-2575,NETWORK 11,ES,6,6,S,2,2,S,2,2,S,0,0,,1,1,S,0,0,,0,0,,0,0,,0,0,,0,0,,0,0,,2,11,11,NETWORK 11
610033,41.9139,-87.637528,29161,LASALLE,"1734 N Orleans St, Chicago, IL 60614",(773)534-8470,NETWORK 4,ES,6,9,C,2,2,S,2,4,C,0,0,,1,0,I,0,0,,0,0,,0,0,,0,0,,0,0,,0,0,,4,15,10,NETWORK 04
610034,41.862933,-87.712956,31161,LAWNDALE,"3500 W Douglas Blvd, Chicago, IL 60623",(773)534-1635,OS4,ES,6,7,C,2,1,I,2,3,C,0,0,,1,1,S,0,0,,0,0,,0,0,,0,0,,0,0,,0,0,,10,12,10,OS4
610036,41.906826,-87.754587,24151,LEWIS,"1431 N Leamington Ave, Chicago, IL 60651",(773)534-3060,AUSL,ES,6,6,S,2,2,S,2,2,S,0,0,,1,1,S,0,0,,0,0,,0,0,,0,0,,0,0,,0,0,,17,11,11,AUSL
610037,41.797685,-87.659896,24171,LIBBY,"5300 S Loomis Blvd, Chicago, IL 60609",(773)535-9050,NETWORK 11,ES,6,6,S,2,0,I,2,2,S,0,0,,1,1,S,0,0,,0,0,,0,0,,0,0,,0,0,,0,0,,0,9,9,NETWORK 11
610038,41.924552,-87.644498,24191,LINCOLN,"615 W Kemper Pl, Chicago, IL 60614",(773)534-5720,NETWORK 4,ES,6,12,C,2,3,C,2,2,S,0,0,,1,1,S,0,0,,0,0,,0,0,,0,0,,0,0,,0,0,,0,18,11,NETWORK 04
610039,41.940009,-87.702671,24201,VON LINNE,"3221 N Sacramento Ave, Chicago, IL 60618",(773)534-5262,NETWORK 4,ES,6,12,C,2,3,C,2,2,S,0,0,,1,1,S,0,0,,0,0,,0,0,,0,0,,0,0,,0,0,,0,18,11,NETWORK 04
610040,41.918814,-87.748552,24221,LLOYD,"2103 N Lamon Ave, Chicago, IL 60639",(773)534-3070,NETWORK 3,ES,6,10,C,2,4,C,2,2,S,0,0,,1,2,C,0,0,,0,0,,0,0,,0,0,,0,0,,0,0,,2,18,11,NETWORK 03
610041,41.931763,-87.795567,24231,"LOCKE, J","2828 N Oak Park Ave, Chicago, IL 60634",(773)534-3300,NETWORK 3,ES,6,5,I,2,2,S,2,3,C,0,0,,1,1,S,0,0,,0,0,,0,0,,0,0,,0,0,,0,0,,2,11,10,NETWORK 03
610043,41.912745,-87.783919,24241,LOVETT,"6333 W Bloomingdale Ave, Chicago, IL 60639",(773)534-3130,NETWORK 3,ES,6,4,I,2,2,S,2,2,S,0,0,,1,1,S,0,0,,0,0,,0,0,,0,0,,0,0,,0,0,,3,10,9,NETWORK 03
610044,41.906492,-87.710216,24251,LOWELL,"3320 W Hirsch St, Chicago, IL 60651",(773)534-4300,NETWORK 5,ES,6,3,I,2,2,S,2,2,S,0,0,,1,1,S,0,0,,0,0,,0,0,,0,0,,0,0,,0,0,,3,8,8,NETWORK 05
610046,41.934191,-87.777211,24281,LYON,"2941 N McVicker Ave, Chicago, IL 60634",(773)534-3120,NETWORK 3,ES,6,8,C,2,5,C,2,4,C,0,0,,1,2,C,0,0,,0,0,,0,0,,0,0,,0,0,,0,0,,0,19,11,NETWORK 03
610047,41.759548,-87.590749,24301,MADISON,"7433 S Dorchester Ave, Chicago, IL 60619",(773)535-0551,NETWORK 12,ES,6,5,I,2,5,C,2,2,S,0,0,,1,1,S,0,0,,0,0,,0,0,,0,0,,0,0,,0,0,,3,14,10,NETWORK 12
610048,41.908248,-87.63979,24311,MANIERRE,"1420 N Hudson Ave,, Chicago, IL 60610",(773)534-8456,OS4,ES,6,3,I,2,2,S,2,2,S,0,0,,1,1,S,0,0,,0,0,,0,0,,0,0,,0,0,,0,0,,9,8,8,OS4
610051,41.920483,-87.758213,41121,NORTHWEST,"5252 W Palmer St, Chicago, IL 60639",(773)534-3250,NETWORK 3,MS,6,6,S,2,4,C,2,2,S,0,0,,1,1,S,0,0,,0,0,,0,0,,0,0,,0,0,,0,0,,5,13,11,NETWORK 03
610052,41.748274,-87.574779,24331,MANN,"8050 S Chappel Ave, Chicago, IL 60617",(773)535-6640,NETWORK 12,ES,6,3,I,2,1,I,2,2,S,0,0,,1,1,S,0,0,,0,0,,0,0,,0,0,,0,0,,0,0,,5,7,7,NETWORK 12
610053,41.773882,-87.696993,24341,MARQUETTE,"6550 S Richmond St, Chicago, IL 60629",(773)535-9260,AUSL,ES,6,9,C,2,0,I,2,2,S,0,0,,1,1,S,0,0,,0,0,,0,0,,0,0,,0,0,,0,0,,11,12,9,AUSL
610054,41.716588,-87.552447,24361,MARSH,"9822 S Exchange Ave, Chicago, IL 60617",(773)535-6430,NETWORK 13,ES,6,15,C,2,1,I,2,3,C,0,0,,1,2,C,0,0,,0,0,,0,0,,0,0,,0,0,,0,0,,4,21,10,NETWORK 13
610055,41.879686,-87.708091,24371,FARADAY,"3250 W Monroe St, Chicago, IL 60624",(773)534-6670,NETWORK 5,ES,6,4,I,2,4,C,2,1,I,0,0,,1,1,S,0,0,,0,0,,0,0,,0,0,,0,0,,0,0,,4,10,8,NETWORK 05
610056,41.856907,-87.73047,24381,MASON,"4217 W 18th St, Chicago, IL 60623",(773)534-1530,NETWORK 5,ES,6,6,S,2,3,C,2,3,C,0,0,,1,1,S,0,0,,0,0,,0,0,,0,0,,0,0,,0,0,,8,13,11,NETWORK 05
610057,41.780903,-87.692152,26701,FAIRFIELD,"6201 S Fairfield Ave, Chicago, IL 60629",(773)535-9500,NETWORK 10,ES,6,6,S,2,2,S,2,2,S,0,0,,1,1,S,0,0,,0,0,,0,0,,0,0,,0,0,,0,0,,5,11,11,NETWORK 10
610059,41.923204,-87.657251,24401,MAYER,"2250 N Clifton Ave, Chicago, IL 60614",(773)534-5535,NETWORK 4,ES,6,9,C,2,2,S,2,2,S,0,0,,1,1,S,0,0,,0,0,,0,0,,0,0,,0,0,,0,0,,0,14,11,NETWORK 04
610060,41.874272,-87.660984,29171,"JACKSON, A","1340 W Harrison St, Chicago, IL 60607",(773)534-7000,NETWORK 6,ES,6,10,C,2,3,C,2,2,S,0,0,,1,1,S,0,0,,0,0,,0,0,,0,0,,0,0,,0,0,,3,16,11,NETWORK 06
610062,41.829992,-87.641139,24421,MCCLELLAN,"3527 S Wallace St, Chicago, IL 60609",(773)535-1732,NETWORK 6,ES,6,7,C,2,2,S,2,2,S,0,0,,1,1,S,0,0,,0,0,,0,0,,0,0,,0,0,,0,0,,0,12,11,NETWORK 06
610063,41.842268,-87.706263,24431,MCCORMICK,"2712 S Sawyer Ave, Chicago, IL 60623",(773)535-7252,NETWORK 7,ES,6,7,C,2,0,I,2,2,S,0,0,,1,1,S,0,0,,0,0,,0,0,,0,0,,0,0,,0,0,,5,10,9,NETWORK 07
610065,41.775423,-87.609394,24441,TILL,"6543 S Champlain Ave, Chicago, IL 60637",(773)535-0570,NETWORK 9,ES,6,3,I,2,2,S,2,0,I,0,0,,1,1,S,0,0,,0,0,,0,0,,0,0,,0,0,,0,0,,3,6,6,NETWORK 09
610066,41.734549,-87.619251,29181,MCDADE,"8801 S Indiana Ave, Chicago, IL 60619",(773)535-3669,NETWORK 12,ES,6,6,S,2,0,I,2,2,S,0,0,,1,0,I,0,0,,0,0,,0,0,,0,0,,0,0,,0,0,,5,8,8,NETWORK 12
610067,41.768143,-87.691823,24451,MCKAY,"6901 S Fairfield Ave, Chicago, IL 60629",(773)535-9340,NETWORK 10,ES,6,5,I,2,2,S,2,2,S,0,0,,1,1,S,0,0,,0,0,,0,0,,0,0,,0,0,,0,0,,8,10,10,NETWORK 10
610068,41.923983,-87.761516,24461,HANSON PARK,"5411 W Fullerton Ave, Chicago, IL 60639",(773)534-3100,NETWORK 3,ES,6,7,C,2,3,C,2,4,C,0,0,,1,2,C,0,0,,0,0,,0,0,,0,0,,0,0,,0,0,,0,16,11,NETWORK 03
610070,41.967847,-87.676251,24471,MCPHERSON,"4728 N Wolcott Ave, Chicago, IL 60640",(773)534-2625,NETWORK 2,ES,6,10,C,2,5,C,2,2,S,0,0,,1,1,S,0,0,,0,0,,0,0,,0,0,,0,0,,0,0,,1,18,11,NETWORK 02
610073,41.89211,-87.683185,24511,MITCHELL,"2233 W Ohio St, Chicago, IL 60612",(773)534-7655,NETWORK 5,ES,6,7,C,2,2,S,2,2,S,0,0,,1,1,S,0,0,,0,0,,0,0,,0,0,,0,0,,0,0,,0,12,11,NETWORK 05
610074,41.930016,-87.719225,24531,MONROE,"3651 W Schubert Ave, Chicago, IL 60647",(773)534-4155,NETWORK 4,ES,6,7,C,2,2,S,2,5,C,0,0,,1,4,C,0,0,,0,0,,0,0,,0,0,,0,0,,0,0,,4,18,11,NETWORK 04
610075,41.864725,-87.666408,30041,MONTEFIORE,"1310 S Ashland Ave, Chicago, IL 60608",(773)534-7825,NETWORK 6,ES,6,6,S,2,2,S,2,3,C,0,0,,1,2,C,0,0,,0,0,,0,0,,0,0,,0,0,,0,0,,2,13,11,NETWORK 06
610076,41.912505,-87.696978,24551,MOOS,"1711 N California Ave, Chicago, IL 60647",(773)534-4340,NETWORK 5,ES,6,7,C,2,3,C,2,2,S,0,0,,1,1,S,0,0,,0,0,,0,0,,0,0,,0,0,,0,0,,7,13,11,NETWORK 05
610077,41.784313,-87.688586,24571,MORRILL,"6011 S Rockwell St, Chicago, IL 60629",(773)535-9288,NETWORK 10,ES,6,7,C,2,6,C,2,3,C,0,0,,1,1,S,0,0,,0,0,,0,0,,0,0,,0,0,,0,0,,6,17,11,NETWORK 10
610078,41.949031,-87.651574,29191,INTER-AMERICAN,"851 W Waveland Ave, Chicago, IL 60613",(773)534-5490,NETWORK 4,ES,6,9,C,2,4,C,2,2,S,0,0,,1,2,C,0,0,,0,0,,0,0,,0,0,,0,0,,0,0,,1,17,11,NETWORK 04
610081,41.844428,-87.64134,29201,SHERIDAN,"533 W 27th St, Chicago, IL 60616",(773)534-9120,NETWORK 6,ES,6,6,S,2,2,S,2,2,S,0,0,,1,1,S,0,0,,0,0,,0,0,,0,0,,0,0,,0,0,,2,11,11,NETWORK 06
610082,41.695733,-87.705847,24591,MOUNT GREENWOOD,"10841 S Homan Ave, Chicago, IL 60655",(773)535-2786,NETWORK 10,ES,6,5,I,2,2,S,2,2,S,0,0,,1,1,S,0,0,,0,0,,0,0,,0,0,,0,0,,0,0,,2,10,10,NETWORK 10
610083,41.970152,-87.789631,30051,BEARD,"6445 W Strong St, Chicago, IL 60656",(773)534-1228,NETWORK 1,ES,6,7,C,2,3,C,2,2,S,0,0,,1,1,S,0,0,,0,0,,0,0,,0,0,,0,0,,0,0,,0,14,11,NETWORK 01
610084,41.697143,-87.697278,29211,KELLER,"3020 W 108th St, Chicago, IL 60655",(773)535-2636,NETWORK 10,ES,6,7,C,2,1,I,2,2,S,0,0,,1,1,S,0,0,,0,0,,0,0,,0,0,,0,0,,0,0,,0,11,10,NETWORK 10
610086,41.701953,-87.647616,24601,MOUNT VERNON,"10540 S Morgan St, Chicago, IL 60643",(773)535-2825,NETWORK 13,ES,6,3,I,2,1,I,2,2,S,0,0,,1,1,S,0,0,,0,0,,0,0,,0,0,,0,0,,0,0,,2,7,7,NETWORK 13
610087,41.776584,-87.790605,30071,BLAIR,"6751 W 63rd Pl, Chicago, IL 60638",(773)535-2076,NETWORK 10,ES,6,6,S,2,2,S,2,2,S,0,0,,1,1,S,0,0,,0,0,,0,0,,0,0,,0,0,,0,0,,2,11,11,NETWORK 10
610088,41.92091,-87.721851,24611,MOZART,"2200 N Hamlin Ave, Chicago, IL 60647",(773)534-4160,NETWORK 4,ES,6,5,I,2,2,S,2,1,I,0,0,,1,1,S,0,0,,0,0,,0,0,,0,0,,0,0,,0,0,,4,9,9,NETWORK 04
610089,41.950105,-87.716832,24621,MURPHY,"3539 W Grace St, Chicago, IL 60618",(773)534-5223,NETWORK 1,ES,6,7,C,2,2,S,2,2,S,0,0,,1,1,S,0,0,,0,0,,0,0,,0,0,,0,0,,0,0,,3,12,11,NETWORK 01
610090,41.798535,-87.593377,29221,MURRAY,"5335 S Kenwood Ave, Chicago, IL 60615",(773)535-0585,NETWORK 9,ES,6,9,C,2,4,C,2,4,C,0,0,,1,1,S,0,0,,0,0,,0,0,,0,0,,0,0,,0,0,,4,18,11,NETWORK 09
610091,41.664873,-87.638994,24631,"BROWN, R","12607 S Union Ave, Chicago, IL 60628",(773)535-5385,NETWORK 13,ES,6,6,S,2,3,C,2,2,S,0,0,,1,1,S,0,0,,0,0,,0,0,,0,0,,0,0,,0,0,,4,12,11,NETWORK 13
610092,41.892202,-87.747216,24641,NASH,"4837 W Erie St, Chicago, IL 60644",(773)534-6125,NETWORK 3,ES,6,7,C,2,2,S,2,2,S,0,0,,1,1,S,0,0,,0,0,,0,0,,0,0,,0,0,,0,0,,6,12,11,NETWORK 03
610093,41.738406,-87.62097,24651,NEIL,"8555 S Michigan Ave, Chicago, IL 60619",(773)535-3000,NETWORK 12,ES,6,4,I,2,4,C,2,1,I,0,0,,1,0,I,0,0,,0,0,,0,0,,0,0,,0,0,,0,0,,2,9,7,NETWORK 12
610094,41.941637,-87.644524,24661,NETTELHORST,"3252 N Broadway St, Chicago, IL 60657",(773)534-5810,NETWORK 4,ES,6,7,C,2,5,C,2,2,S,0,0,,1,1,S,0,0,,0,0,,0,0,,0,0,,0,0,,0,0,,3,15,11,NETWORK 04
610095,41.91392,-87.64599,29231,NEWBERRY,"700 W Willow St, Chicago, IL 60614",(773)534-8000,NETWORK 4,ES,6,6,S,2,2,S,2,2,S,0,0,,1,1,S,0,0,,0,0,,0,0,,0,0,,0,0,,0,0,,3,11,11,NETWORK 04
610096,41.797715,-87.689102,24671,NIGHTINGALE,"5250 S Rockwell St, Chicago, IL 60632",(773)535-9270,NETWORK 8,ES,6,7,C,2,1,I,2,2,S,0,0,,1,1,S,0,0,,0,0,,0,0,,0,0,,0,0,,0,0,,1,11,10,NETWORK 08
610097,41.919581,-87.731457,24681,NIXON,"2121 N Keeler Ave, Chicago, IL 60639",(773)534-4375,NETWORK 4,ES,6,8,C,2,2,S,2,2,S,0,0,,1,1,S,0,0,,0,0,,0,0,,0,0,,0,0,,0,0,,2,13,11,NETWORK 04
610098,41.906183,-87.729955,24691,NOBEL,"4127 W Hirsch St, Chicago, IL 60651",(773)534-4365,NETWORK 5,ES,6,8,C,2,2,S,2,3,C,0,0,,1,1,S,0,0,,0,0,,0,0,,0,0,,0,0,,0,0,,0,14,11,NETWORK 05
610099,41.988133,-87.802954,24711,NORWOOD PARK,"5900 N Nina Ave, Chicago, IL 60631",(773)534-1198,NETWORK 1,ES,6,8,C,2,2,S,2,2,S,0,0,,1,1,S,0,0,,0,0,,0,0,,0,0,,0,0,,0,0,,0,13,11,NETWORK 01
610100,41.906906,-87.73248,24721,WEST PARK,"1425 N Tripp Ave, Chicago, IL 60651",(773)534-4940,NETWORK 5,ES,6,10,C,2,3,C,2,6,C,0,0,,1,2,C,0,0,,0,0,,0,0,,0,0,,0,0,,0,0,,4,21,11,NETWORK 05
610101,41.899976,-87.629297,24731,OGDEN,"24 W Walton St, Chicago, IL 60610",(773)534-8110,NETWORK 6,ES,6,8,C,2,4,C,2,3,C,1,2,C,1,2,C,0,0,,0,0,,0,0,,0,0,,0,0,,0,0,,3,19,12,NETWORK 06
610102,41.754671,-87.645433,24741,OGLESBY,"7646 S Green St, Chicago, IL 60620",(773)535-3060,NETWORK 11,ES,6,3,I,2,0,I,2,1,I,0,0,,1,0,I,0,0,,0,0,,0,0,,0,0,,0,0,,0,0,,10,4,4,NETWORK 11
610103,41.768603,-87.572769,24751,O'KEEFFE,"6940 S Merrill Ave, Chicago, IL 60649",(773)535-0600,AUSL,ES,6,3,I,2,3,C,2,2,S,0,0,,1,0,I,0,0,,0,0,,0,0,,0,0,,0,0,,0,0,,8,8,7,AUSL
610104,41.993763,-87.793108,24761,ONAHAN,"6634 W Raven St, Chicago, IL 60631",(773)534-1180,NETWORK 1,ES,6,7,C,2,2,S,2,4,C,0,0,,1,2,C,0,0,,0,0,,0,0,,0,0,,0,0,,0,0,,1,15,11,NETWORK 01
610105,41.978501,-87.812017,24771,ORIOLE PARK,"5424 N Oketo Ave, Chicago, IL 60656",(773)534-1201,NETWORK 1,ES,6,6,S,2,2,S,2,2,S,0,0,,1,1,S,0,0,,0,0,,0,0,,0,0,,0,0,,0,0,,1,11,11,NETWORK 01
610106,41.90014,-87.731224,24781,PICCOLO,"1040 N Keeler Ave, Chicago, IL 60651",(773)534-4425,AUSL,ES,6,6,S,2,1,I,2,4,C,0,0,,1,2,C,0,0,,0,0,,0,0,,0,0,,0,0,,0,0,,0,13,10,AUSL
610107,41.891806,-87.665463,24791,OTIS,"525 N Armour St, Chicago, IL 60642",(773)534-7665,NETWORK 6,ES,6,8,C,2,3,C,2,3,C,0,0,,1,2,C,0,0,,0,0,,0,0,,0,0,,0,0,,0,0,,6,16,11,NETWORK 06
610108,41.774164,-87.67506,24801,O'TOOLE,"6550 S Seeley Ave, Chicago, IL 60636",(773)535-9040,NETWORK 11,ES,6,4,I,2,2,S,2,2,S,0,0,,1,1,S,0,0,,0,0,,0,0,,0,0,,0,0,,0,0,,2,9,9,NETWORK 11
610109,41.742849,-87.705786,29241,OWEN,"8247 S Christiana Ave, Chicago, IL 60652",(773)535-9330,NETWORK 10,ES,6,6,S,2,1,I,2,2,S,0,0,,1,1,S,0,0,,0,0,,0,0,,0,0,,0,0,,0,0,,2,10,10,NETWORK 10
610110,41.827383,-87.61978,24811,"WELLS, I","249 E 37th St, Chicago, IL 60653",(773)535-1204,NETWORK 9,ES,6,0,I,2,0,I,2,2,S,0,0,,1,1,S,0,0,,0,0,,0,0,,0,0,,0,0,,0,0,,5,3,3,NETWORK 09
610111,41.973289,-87.73925,24821,PALMER,"5051 N Kenneth Ave, Chicago, IL 60630",(773)534-3704,NETWORK 1,ES,6,7,C,2,2,S,2,6,C,0,0,,1,1,S,0,0,,0,0,,0,0,,0,0,,0,0,,0,0,,2,16,11,NETWORK 01
610112,41.770791,-87.63523,31181,PARKER,"6800 S Stewart Ave, Chicago, IL 60621",(773)535-3375,NETWORK 11,ES,6,6,S,2,2,S,2,2,S,0,0,,1,1,S,0,0,,0,0,,0,0,,0,0,,0,0,,0,0,,7,12,11,NETWORK 11
610115,41.766476,-87.611582,24841,PARK MANOR,"7037 S Rhodes Ave, Chicago, IL 60637",(773)535-3070,NETWORK 12,ES,6,6,S,2,1,I,2,2,S,0,0,,1,1,S,0,0,,0,0,,0,0,,0,0,,0,0,,0,0,,4,10,10,NETWORK 12
610116,41.768556,-87.582918,31201,PARKSIDE,"6938 S East End Ave, Chicago, IL 60649",(773)535-0940,NETWORK 12,ES,6,4,I,2,0,I,2,2,S,0,0,,1,1,S,0,0,,0,0,,0,0,,0,0,,0,0,,0,0,,4,7,7,NETWORK 12
610117,41.786895,-87.732703,24851,PASTEUR,"5825 S Kostner Ave, Chicago, IL 60629",(773)535-2270,NETWORK 8,ES,6,7,C,2,2,S,2,2,S,0,0,,1,1,S,0,0,,0,0,,0,0,,0,0,,0,0,,0,0,,3,12,11,NETWORK 08
610120,41.787872,-87.719215,24871,PECK,"3826 W 58th St, Chicago, IL 60629",(773)535-2450,NETWORK 8,ES,6,6,S,2,3,C,2,2,S,0,0,,1,1,S,0,0,,0,0,,0,0,,0,0,,0,0,,0,0,,5,12,11,NETWORK 08
610121,41.871595,-87.683652,24881,IRVING,"749 S Oakley Blvd, Chicago, IL 60612",(773)534-7295,NETWORK 6,ES,6,6,S,2,4,C,2,2,S,0,0,,1,2,C,0,0,,0,0,,0,0,,0,0,,0,0,,0,0,,4,14,11,NETWORK 06
610122,41.983483,-87.665851,24891,PEIRCE,"1423 W Bryn Mawr Ave, Chicago, IL 60640",(773)534-2440,NETWORK 2,ES,6,7,C,2,5,C,2,4,C,0,0,,1,1,S,0,0,,0,0,,0,0,,0,0,,0,0,,0,0,,0,17,11,NETWORK 02
610123,41.858387,-87.721263,24911,PENN,"1616 S Avers Ave, Chicago, IL 60623",(773)534-1665,NETWORK 5,ES,6,6,S,2,2,S,2,2,S,0,0,,1,1,S,0,0,,0,0,,0,0,,0,0,,0,0,,0,0,,5,11,11,NETWORK 05
610124,41.728535,-87.59622,24921,"WASHINGTON, H","9130 S University Ave, Chicago, IL 60619",(773)535-6225,NETWORK 12,ES,6,5,I,2,1,I,2,2,S,0,0,,1,1,S,0,0,,0,0,,0,0,,0,0,,0,0,,0,0,,4,9,9,NETWORK 12
610125,41.848102,-87.680708,24931,RUIZ,"2410 S Leavitt St, Chicago, IL 60608",(773)535-4825,NETWORK 7,ES,6,10,C,2,3,C,2,2,S,0,0,,1,1,S,0,0,,0,0,,0,0,,0,0,,0,0,,0,0,,4,16,11,NETWORK 07
610126,41.836527,-87.618301,29251,PERSHING,"3200 S Calumet Ave, Chicago, IL 60616",(773)534-9272,NETWORK 9,ES,6,8,C,2,3,C,2,1,I,0,0,,1,1,S,0,0,,0,0,,0,0,,0,0,,0,0,,0,0,,2,13,10,NETWORK 09
610127,41.981558,-87.712546,24941,PETERSON,"5510 N Christiana Ave, Chicago, IL 60625",(773)534-5070,NETWORK 1,ES,6,7,C,2,3,C,2,3,C,0,0,,1,1,S,0,0,,0,0,,0,0,,0,0,,0,0,,0,0,,0,14,11,NETWORK 01
610128,41.706602,-87.647614,24951,GARVEY,"10309 S Morgan St, Chicago, IL 60643",(773)535-2763,NETWORK 13,ES,6,2,I,2,2,S,2,2,S,0,0,,1,1,S,0,0,,0,0,,0,0,,0,0,,0,0,,0,0,,8,7,7,NETWORK 13
610129,41.852928,-87.683291,24961,PICKARD,"2301 W 21st Pl, Chicago, IL 60608",(773)535-7280,NETWORK 7,ES,6,6,S,2,2,S,2,2,S,0,0,,1,1,S,0,0,,0,0,,0,0,,0,0,,0,0,,0,0,,3,11,11,NETWORK 07
610130,41.740313,-87.60789,24971,PIRIE,"650 E 85th St, Chicago, IL 60619",(773)535-3435,NETWORK 12,ES,6,6,S,2,2,S,2,2,S,0,0,,1,1,S,0,0,,0,0,,0,0,,0,0,,0,0,,0,0,,1,11,11,NETWORK 12
610131,41.860231,-87.692525,24981,PLAMONDON,"2642 W 15th Pl, Chicago, IL 60608",(773)534-1789,NETWORK 5,ES,6,2,I,2,1,I,2,3,C,0,0,,1,1,S,0,0,,0,0,,0,0,,0,0,,0,0,,0,0,,2,7,6,NETWORK 05
610132,41.702631,-87.606383,29261,POE,"10538 S Langley Ave, Chicago, IL 60628",(773)535-5525,NETWORK 13,ES,6,6,S,2,2,S,2,2,S,0,0,,1,0,I,0,0,,0,0,,0,0,,0,0,,0,0,,0,0,,1,11,10,NETWORK 13
610133,41.893236,-87.718761,24991,"WARD, L","646 N Lawndale Ave, Chicago, IL 60624",(773)534-6440,NETWORK 5,ES,6,9,C,2,4,C,2,3,C,0,0,,1,1,S,0,0,,0,0,,0,0,,0,0,,0,0,,0,0,,8,17,11,NETWORK 05
610135,41.95696,-87.761006,25011,PORTAGE PARK,"5330 W Berteau Ave, Chicago, IL 60641",(773)534-3576,NETWORK 1,ES,6,4,I,2,3,C,2,4,C,0,0,,1,1,S,0,0,,0,0,,0,0,,0,0,,0,0,,0,0,,5,12,9,NETWORK 01
610136,41.928814,-87.669527,25021,PRESCOTT,"1632 W Wrightwood Ave, Chicago, IL 60614",(773)534-5505,NETWORK 4,ES,6,6,S,2,2,S,2,2,S,0,0,,1,1,S,0,0,,0,0,,0,0,,0,0,,0,0,,0,0,,2,11,11,NETWORK 04
610137,41.96562,-87.772377,25031,PRUSSING,"4650 N Menard Ave, Chicago, IL 60630",(773)534-3460,NETWORK 1,ES,6,7,C,2,3,C,2,3,C,0,0,,1,1,S,0,0,,0,0,,0,0,,0,0,,0,0,,0,0,,3,14,11,NETWORK 01
610138,41.918459,-87.683801,31211,PULASKI,"2230 W McLean Ave, Chicago, IL 60647",(773)534-4391,NETWORK 6,ES,6,9,C,2,4,C,2,2,S,0,0,,1,1,S,0,0,,0,0,,0,0,,0,0,,0,0,,0,0,,3,16,11,NETWORK 06
610139,41.688819,-87.609468,25041,PULLMAN,"11311 S Forrestville Ave, Chicago, IL 60628",(773)535-5395,NETWORK 13,ES,6,4,I,2,2,S,2,2,S,0,0,,1,1,S,0,0,,0,0,,0,0,,0,0,,0,0,,0,0,,2,9,9,NETWORK 13
610141,41.960746,-87.670886,25061,RAVENSWOOD,"4332 N Paulina St, Chicago, IL 60613",(773)534-5525,NETWORK 2,ES,6,6,S,2,2,S,2,2,S,0,0,,1,1,S,0,0,,0,0,,0,0,,0,0,,0,0,,0,0,,1,11,11,NETWORK 02
610142,41.792347,-87.594789,25071,RAY,"5631 S Kimbark Ave, Chicago, IL 60637",(773)535-0970,NETWORK 9,ES,6,12,C,2,2,S,2,2,S,0,0,,1,1,S,0,0,,0,0,,0,0,,0,0,,0,0,,0,0,,4,17,11,NETWORK 09
610143,41.804146,-87.604925,25091,REAVIS,"834 E 50th St, Chicago, IL 60615",(773)535-1060,OS4,ES,6,6,S,2,2,S,2,2,S,0,0,,1,1,S,0,0,,0,0,,0,0,,0,0,,0,0,,0,0,,8,11,11,OS4
610144,41.941067,-87.71954,25101,REILLY,"3650 W School St, Chicago, IL 60618",(773)534-5250,NETWORK 4,ES,6,9,C,2,1,I,2,3,C,0,0,,1,1,S,0,0,,0,0,,0,0,,0,0,,0,0,,0,0,,1,14,10,NETWORK 04
610145,41.943018,-87.769019,25111,REINBERG,"3425 N Major Ave, Chicago, IL 60634",(773)534-3465,NETWORK 1,ES,6,5,I,2,2,S,2,2,S,0,0,,1,1,S,0,0,,0,0,,0,0,,0,0,,0,0,,0,0,,2,10,10,NETWORK 01
610146,41.764168,-87.600176,25121,REVERE,"1010 E 72nd St, Chicago, IL 60619",(773)535-0618,NETWORK 12,ES,6,3,I,2,2,S,2,2,S,0,0,,1,1,S,0,0,,0,0,,0,0,,0,0,,0,0,,0,0,,0,8,8,NETWORK 12
610147,42.015265,-87.697222,25141,ROGERS,"7345 N Washtenaw Ave, Chicago, IL 60645",(773)534-2125,NETWORK 2,ES,6,6,S,2,2,S,2,2,S,0,0,,1,1,S,0,0,,0,0,,0,0,,0,0,,0,0,,0,0,,1,11,11,NETWORK 02
610148,41.807142,-87.666074,25151,CHAVEZ,"4747 S Marshfield Ave, Chicago, IL 60609",(773)535-4600,NETWORK 8,ES,6,7,C,2,2,S,2,2,S,0,0,,1,1,S,0,0,,0,0,,0,0,,0,0,,0,0,,0,0,,3,12,11,NETWORK 08
610152,41.751945,-87.618103,25181,RUGGLES,"7831 S Prairie Ave, Chicago, IL 60619",(773)535-3085,NETWORK 12,ES,6,3,I,2,1,I,2,2,S,0,0,,1,0,I,0,0,,0,0,,0,0,,0,0,,0,0,,0,0,,10,6,6,NETWORK 12
610153,41.73538,-87.638806,25191,RYDER,"8716 S Wallace St, Chicago, IL 60620",(773)535-3843,NETWORK 11,ES,6,4,I,2,2,S,2,3,C,0,0,,1,2,C,0,0,,0,0,,0,0,,0,0,,0,0,,0,0,,16,11,9,NETWORK 11
610155,41.991155,-87.74592,25211,SAUGANASH,"6040 N Kilpatrick Ave, Chicago, IL 60646",(773)534-3470,NETWORK 1,ES,6,6,S,2,4,C,2,3,C,0,0,,1,1,S,0,0,,0,0,,0,0,,0,0,,0,0,,0,0,,2,14,11,NETWORK 01
610157,41.797499,-87.704969,25231,SAWYER,"5248 S Sawyer Ave, Chicago, IL 60632",(773)535-0440,NETWORK 8,ES,6,6,S,2,2,S,2,2,S,0,0,,1,1,S,0,0,,0,0,,0,0,,0,0,,0,0,,0,0,,2,11,11,NETWORK 08
610158,41.914151,-87.798684,29271,SAYRE,"1850 N Newland Ave, Chicago, IL 60707",(773)534-3351,NETWORK 3,ES,6,7,C,2,4,C,2,2,S,0,0,,1,2,C,0,0,,0,0,,0,0,,0,0,,0,0,,0,0,,2,15,11,NETWORK 03
610159,41.941705,-87.732179,25241,SCAMMON,"4201 W Henderson St, Chicago, IL 60641",(773)534-3475,NETWORK 1,ES,6,7,C,2,1,I,2,5,C,0,0,,1,1,S,0,0,,0,0,,0,0,,0,0,,0,0,,0,0,,0,14,10,NETWORK 01
610163,42.016919,-87.814196,30081,STOCK,"7507 W Birchwood Ave, Chicago, IL 60631",(773)534-1215,NETWORK 1,ES,6,4,I,2,3,C,2,3,C,0,0,,1,1,S,0,0,,0,0,,0,0,,0,0,,0,0,,0,0,,0,11,9,NETWORK 01
610165,41.930403,-87.761227,25291,SCHUBERT,"2727 N Long Ave, Chicago, IL 60639",(773)534-3080,NETWORK 3,ES,6,3,I,2,2,S,2,2,S,0,0,,1,2,C,0,0,,0,0,,0,0,,0,0,,0,0,,0,0,,1,9,8,NETWORK 03
610167,41.810334,-87.668735,25301,SEWARD,"4600 S Hermitage Ave, Chicago, IL 60609",(773)535-4890,NETWORK 8,ES,6,8,C,2,2,S,2,4,C,0,0,,1,1,S,0,0,,0,0,,0,0,,0,0,,0,0,,0,0,,3,15,11,NETWORK 08
610170,41.811069,-87.704162,20071,COLUMBIA EXPLORERS,"4520 S Kedzie Ave, Chicago, IL 60632",(773)535-4050,NETWORK 8,ES,6,8,C,2,4,C,2,2,S,0,0,,1,1,S,0,0,,0,0,,0,0,,0,0,,0,0,,0,0,,2,15,11,NETWORK 08
610171,41.731717,-87.552751,25331,MIRELES,"9000 S Exchange Ave, Chicago, IL 60617",(773)535-6360,NETWORK 12,ES,6,6,S,2,1,I,2,3,C,0,0,,1,3,C,0,0,,0,0,,0,0,,0,0,,0,0,,0,0,,7,13,10,NETWORK 12
610172,41.79974,-87.650212,25341,SHERMAN,"1000 W 52nd St, Chicago, IL 60609",(773)535-1757,AUSL,ES,6,10,C,2,2,S,2,2,S,0,0,,1,1,S,0,0,,0,0,,0,0,,0,0,,0,0,,0,0,,8,15,11,AUSL
610173,41.790828,-87.632279,25351,SHERWOOD,"245 W 57th St, Chicago, IL 60621",(773)535-0829,NETWORK 11,ES,6,6,S,2,2,S,2,2,S,0,0,,1,1,S,0,0,,0,0,,0,0,,0,0,,0,0,,0,0,,3,11,11,NETWORK 11
610174,41.81591,-87.689611,25361,SHIELDS,"4250 S Rockwell St, Chicago, IL 60632",(773)535-7285,NETWORK 8,ES,6,6,S,2,2,S,2,2,S,0,0,,1,2,C,0,0,,0,0,,0,0,,0,0,,0,0,,0,0,,4,12,11,NETWORK 08
610175,41.804267,-87.593904,25371,SHOESMITH,"1330 E 50th St, Chicago, IL 60615",(773)535-1764,NETWORK 9,ES,6,4,I,2,0,I,2,2,S,0,0,,1,1,S,0,0,,0,0,,0,0,,0,0,,0,0,,0,0,,2,7,7,NETWORK 09
610176,41.69092,-87.658632,25381,SHOOP,"11140 S Bishop St, Chicago, IL 60643",(773)535-2715,NETWORK 13,ES,6,4,I,2,3,C,2,2,S,0,0,,1,1,S,0,0,,0,0,,0,0,,0,0,,0,0,,0,0,,7,10,9,NETWORK 13
610177,41.879075,-87.659418,29281,SKINNER,"1260 W Adams St, Chicago, IL 60607",(773)534-7790,NETWORK 6,ES,6,10,C,2,4,C,2,2,S,0,0,,1,1,S,0,0,,0,0,,0,0,,0,0,,0,0,,0,0,,2,17,11,NETWORK 06
610178,41.716988,-87.596968,25391,SCHMID,"9755 S Greenwood Ave, Chicago, IL 60628",(773)535-6235,NETWORK 12,ES,6,5,I,2,2,S,2,2,S,0,0,,1,1,S,0,0,,0,0,,0,0,,0,0,,0,0,,0,0,,5,10,10,NETWORK 12
610179,41.958869,-87.781938,25401,SMYSER,"4310 N Melvina Ave, Chicago, IL 60634",(773)534-3711,NETWORK 1,ES,6,6,S,2,2,S,2,4,C,0,0,,1,1,S,0,0,,0,0,,0,0,,0,0,,0,0,,0,0,,2,13,11,NETWORK 01
610180,41.865378,-87.653445,25411,SMYTH,"1059 W 13th St, Chicago, IL 60608",(773)534-7180,OS4,ES,6,7,C,2,3,C,2,2,S,0,0,,1,1,S,0,0,,0,0,,0,0,,0,0,,0,0,,0,0,,5,13,11,OS4
610182,41.993943,-87.724006,25431,SOLOMON,"6206 N Hamlin Ave, Chicago, IL 60659",(773)534-5226,NETWORK 1,ES,6,6,S,2,1,I,2,2,S,0,0,,1,1,S,0,0,,0,0,,0,0,,0,0,,0,0,,0,0,,0,10,10,NETWORK 01
610183,41.884877,-87.750408,25441,SPENCER TECH ACAD,"214 N Lavergne Ave, Chicago, IL 60644",(773)534-6150,NETWORK 3,ES,6,6,S,2,2,S,2,2,S,0,0,,1,1,S,0,0,,0,0,,0,0,,0,0,,0,0,,0,0,,15,11,11,NETWORK 03
610184,41.848162,-87.699054,25451,SPRY,"2400 S Marshall Blvd, Chicago, IL 60623",(773)534-1700,NETWORK 7,ES,6,5,I,2,1,I,2,2,S,0,0,,1,1,S,0,0,,0,0,,0,0,,0,0,,0,0,,0,0,,4,10,9,NETWORK 07
610185,41.747108,-87.731629,25471,STEVENSON,"8010 S Kostner Ave, Chicago, IL 60652",(773)535-2280,NETWORK 10,ES,6,4,I,2,1,I,2,2,S,0,0,,1,1,S,0,0,,0,0,,0,0,,0,0,,0,0,,0,0,,4,8,8,NETWORK 10
610188,41.696495,-87.64001,25491,DUNNE TECH ACAD,"10845 S Union Ave, Chicago, IL 60628",(773)535-5517,NETWORK 13,ES,6,2,I,2,2,S,2,2,S,0,0,,1,1,S,0,0,,0,0,,0,0,,0,0,,0,0,,0,0,,0,7,7,NETWORK 13
610191,41.995358,-87.68483,29291,STONE,"6239 N Leavitt St, Chicago, IL 60659",(773)534-2045,NETWORK 2,ES,6,9,C,2,3,C,2,4,C,0,0,,1,1,S,0,0,,0,0,,0,0,,0,0,,0,0,,0,0,,1,17,11,NETWORK 02
610192,41.911911,-87.713317,25521,STOWE,"3444 W Wabansia Ave, Chicago, IL 60647",(773)534-4175,NETWORK 5,ES,6,6,S,2,2,S,2,4,C,0,0,,1,2,C,0,0,,0,0,,0,0,,0,0,,0,0,,0,0,,3,14,11,NETWORK 05
610193,41.743828,-87.542964,25541,NEW SULLIVAN,"8331 S Mackinaw, Chicago, IL 60617",(773)535-6585,NETWORK 12,ES,6,4,I,2,2,S,2,2,S,0,0,,1,1,S,0,0,,0,0,,0,0,,0,0,,0,0,,0,0,,0,9,9,NETWORK 12
610194,41.870803,-87.733511,31221,SUMNER,"4320 W 5th Ave, Chicago, IL 60624",(773)534-6730,NETWORK 5,ES,6,5,I,2,2,S,2,2,S,0,0,,1,1,S,0,0,,0,0,,0,0,,0,0,,0,0,,0,0,,4,10,10,NETWORK 05
610195,41.711444,-87.676858,25561,SUTHERLAND,"10015 S Leavitt St, Chicago, IL 60643",(773)535-2580,NETWORK 10,ES,6,12,C,2,5,C,2,3,C,0,0,,1,1,S,0,0,,0,0,,0,0,,0,0,,0,0,,0,0,,1,21,11,NETWORK 10
610196,41.98914,-87.658259,25571,SWIFT,"5900 N Winthrop Ave, Chicago, IL 60660",(773)534-2695,NETWORK 2,ES,6,7,C,2,6,C,2,2,S,0,0,,1,1,S,0,0,,0,0,,0,0,,0,0,,0,0,,0,0,,3,16,11,NETWORK 02
610197,41.892377,-87.673722,25581,TALCOTT,"1840 W Ohio St, Chicago, IL 60622",(773)534-7130,NETWORK 6,ES,6,10,C,2,1,I,2,2,S,0,0,,1,1,S,0,0,,0,0,,0,0,,0,0,,0,0,,0,0,,2,14,10,NETWORK 06
610198,41.71547,-87.532934,25591,TAYLOR,"9912 S Avenue H, Chicago, IL 60617",(773)535-6240,NETWORK 13,ES,6,10,C,2,2,S,2,3,C,0,0,,1,1,S,0,0,,0,0,,0,0,,0,0,,0,0,,0,0,,4,16,11,NETWORK 13
610199,41.677533,-87.658112,26751,COLEMON,"1441 W 119th St, Chicago, IL 60643",(773)535-3975,NETWORK 13,ES,6,10,C,2,3,C,2,3,C,0,0,,1,2,C,0,0,,0,0,,0,0,,0,0,,0,0,,0,0,,5,18,11,NETWORK 13
610200,41.73333,-87.544442,25601,"THORP, J","8914 S Buffalo Ave, Chicago, IL 60617",(773)535-6250,NETWORK 12,ES,6,8,C,2,3,C,2,3,C,0,0,,1,1,S,0,0,,0,0,,0,0,,0,0,,0,0,,0,0,,3,15,11,NETWORK 12
610201,41.948544,-87.777631,29301,"THORP, O","6024 W Warwick Ave, Chicago, IL 60634",(773)534-3640,NETWORK 1,ES,6,7,C,2,2,S,2,3,C,0,0,,1,1,S,0,0,,0,0,,0,0,,0,0,,0,0,,0,0,,0,13,11,NETWORK 01
610202,41.884102,-87.730603,25621,TILTON,"223 N Keeler Ave, Chicago, IL 60624",(773)534-6746,NETWORK 5,ES,6,5,I,2,3,C,2,3,C,0,0,,1,1,S,0,0,,0,0,,0,0,,0,0,,0,0,,0,0,,10,12,10,NETWORK 05
610203,41.787523,-87.708216,25631,TONTI,"5815 S Homan Ave, Chicago, IL 60629",(773)535-9280,NETWORK 8,ES,6,6,S,2,2,S,2,2,S,0,0,,1,1,S,0,0,,0,0,,0,0,,0,0,,0,0,,0,0,,2,11,11,NETWORK 08
610206,41.799047,-87.758892,25661,TWAIN,"5134 S Lotus Ave, Chicago, IL 60638",(773)535-2290,NETWORK 10,ES,6,6,S,2,2,S,2,2,S,0,0,,1,1,S,0,0,,0,0,,0,0,,0,0,,0,0,,0,0,,2,11,11,NETWORK 10
610207,41.720823,-87.665523,29311,VANDERPOEL,"9510 S Prospect Ave, Chicago, IL 60643",(773)535-2690,NETWORK 10,ES,6,6,S,2,3,C,2,2,S,0,0,,1,1,S,0,0,,0,0,,0,0,,0,0,,0,0,,0,0,,3,12,11,NETWORK 10
610208,41.696235,-87.627147,25671,LAVIZZO,"138 W 109th St, Chicago, IL 60628",(773)535-5300,NETWORK 13,ES,6,7,C,2,3,C,2,2,S,0,0,,1,1,S,0,0,,0,0,,0,0,,0,0,,0,0,,0,0,,4,13,11,NETWORK 13
610209,41.971634,-87.724568,25681,VOLTA,"4950 N Avers Ave, Chicago, IL 60625",(773)534-5080,NETWORK 1,ES,6,7,C,2,3,C,2,2,S,0,0,,1,1,S,0,0,,0,0,,0,0,,0,0,,0,0,,0,0,,3,13,11,NETWORK 01
610212,41.971141,-87.709701,32011,ALBANY PARK,"4929 N Sawyer Ave, Chicago, IL 60625",(773)534-5108,NETWORK 1,MS,6,4,I,2,3,C,2,2,S,0,0,,1,1,S,0,0,,0,0,,0,0,,0,0,,0,0,,0,0,,4,10,9,NETWORK 01
610213,41.773478,-87.600981,25711,WADSWORTH,"6650 S Ellis Ave, Chicago, IL 60637",(773)535-0730,NETWORK 9,ES,6,4,I,2,2,S,2,3,C,0,0,,1,2,C,0,0,,0,0,,0,0,,0,0,,0,0,,0,0,,6,11,9,NETWORK 09
610215,41.840929,-87.705063,41041,MADERO,"3202 W 28th St, Chicago, IL 60623",(773)535-4466,NETWORK 7,MS,6,4,I,2,2,S,2,2,S,0,0,,1,1,S,0,0,,0,0,,0,0,,0,0,,0,0,,0,0,,2,9,9,NETWORK 07
610216,41.854835,-87.648123,25731,WALSH,"2015 S Peoria St, Chicago, IL 60608",(773)534-7950,NETWORK 7,ES,6,5,I,2,2,S,2,2,S,0,0,,1,1,S,0,0,,0,0,,0,0,,0,0,,0,0,,0,0,,4,10,10,NETWORK 07
610217,41.843979,-87.635392,25751,"WARD, J","2701 S Shields Ave, Chicago, IL 60616",(773)534-9050,NETWORK 6,ES,6,13,C,2,2,S,2,2,S,0,0,,1,2,C,0,0,,0,0,,0,0,,0,0,,0,0,,0,0,,3,19,11,NETWORK 06
610218,41.726762,-87.575389,25761,WARREN,"9239 S Jeffery Ave, Chicago, IL 60617",(773)535-6625,NETWORK 12,ES,6,5,I,2,2,S,2,2,S,0,0,,1,1,S,0,0,,0,0,,0,0,,0,0,,0,0,,0,0,,5,10,10,NETWORK 12
610219,41.688159,-87.536015,25771,"WASHINGTON, G","3611 E 114th St, Chicago, IL 60617",(773)535-5010,NETWORK 13,ES,6,6,S,2,2,S,2,2,S,0,0,,1,1,S,0,0,,0,0,,0,0,,0,0,,0,0,,0,0,,6,11,11,NETWORK 13
610220,41.964366,-87.691296,25781,WATERS,"4540 N Campbell Ave, Chicago, IL 60625",(773)534-5090,NETWORK 2,ES,6,12,C,2,2,S,2,2,S,0,0,,1,0,I,0,0,,0,0,,0,0,,0,0,,0,0,,0,0,,0,16,10,NETWORK 02
610221,41.869943,-87.727525,25791,WEBSTER,"4055 W Arthington St, Chicago, IL 60624",(773)534-6925,NETWORK 5,ES,6,5,I,2,2,S,2,2,S,0,0,,1,1,S,0,0,,0,0,,0,0,,0,0,,0,0,,0,0,,4,10,10,NETWORK 05
610223,41.765048,-87.658204,25811,WENTWORTH,"1340 W 71st St, Chicago, IL 60636",(773)535-3394,NETWORK 11,ES,6,4,I,2,3,C,2,2,S,0,0,,1,0,I,0,0,,0,0,,0,0,,0,0,,0,0,,0,0,,11,9,8,NETWORK 11
610225,41.683906,-87.65542,25831,WHISTLER,"11533 S Ada St, Chicago, IL 60643",(773)535-5560,NETWORK 13,ES,6,4,I,2,2,S,2,2,S,0,0,,1,1,S,0,0,,0,0,,0,0,,0,0,,0,0,,0,0,,8,9,9,NETWORK 13
610226,41.792347,-87.710951,26721,SANDOVAL,"5534 S Saint Louis Ave, Chicago, IL 60629",(773)535-0457,NETWORK 8,ES,6,9,C,2,2,S,2,4,C,0,0,,1,1,S,0,0,,0,0,,0,0,,0,0,,0,0,,0,0,,4,16,11,NETWORK 08
610227,41.84008,-87.725582,25841,WHITNEY,"2815 S Komensky Ave, Chicago, IL 60623",(773)534-1560,NETWORK 7,ES,6,8,C,2,5,C,2,3,C,0,0,,1,1,S,0,0,,0,0,,0,0,,0,0,,0,0,,0,0,,2,17,11,NETWORK 07
610228,41.850453,-87.673391,25861,WHITTIER,"1900 W 23rd St, Chicago, IL 60608",(773)535-4590,NETWORK 7,ES,6,5,I,2,2,S,2,3,C,0,0,,1,1,S,0,0,,0,0,,0,0,,0,0,,0,0,,0,0,,1,11,10,NETWORK 07
610229,41.90708,-87.677762,25871,PRITZKER,"2009 W Schiller St, Chicago, IL 60622",(773)534-4415,NETWORK 6,ES,6,9,C,2,2,S,2,3,C,0,0,,1,1,S,0,0,,0,0,,0,0,,0,0,,0,0,,0,0,,6,15,11,NETWORK 06
610230,42.007505,-87.778314,25881,WILDWOOD,"6950 N Hiawatha Ave, Chicago, IL 60646",(773)534-1188,NETWORK 1,ES,6,10,C,2,2,S,2,2,S,0,0,,1,1,S,0,0,,0,0,,0,0,,0,0,,0,0,,0,0,,0,15,11,NETWORK 01
610231,41.852827,-87.629309,32031,NATIONAL TEACHERS,"55 W Cermak Rd, Chicago, IL 60616",(773)534-9970,AUSL,ES,2,5,C,2,1,I,2,2,S,0,0,,0,0,,0,0,,0,0,,0,0,,0,0,,0,0,,2,2,S,3,10,7,AUSL
610234,41.915038,-87.700317,25911,YATES,"1839 N Richmond St, Chicago, IL 60647",(773)534-4550,NETWORK 5,ES,6,3,I,2,2,S,2,2,S,0,0,,1,1,S,0,0,,0,0,,0,0,,0,0,,0,0,,0,0,,3,8,8,NETWORK 05
610235,41.906791,-87.767106,25921,YOUNG,"1434 N Parkside Ave, Chicago, IL 60651",(773)534-6200,NETWORK 3,ES,6,6,S,2,3,C,2,2,S,0,0,,1,1,S,0,0,,0,0,,0,0,,0,0,,0,0,,0,0,,7,12,11,NETWORK 03
610237,41.809162,-87.627138,25931,BEETHOVEN,"25 W 47th St, Chicago, IL 60609",(773)535-1480,NETWORK 9,ES,6,6,S,2,5,C,2,3,C,0,0,,1,3,C,0,0,,0,0,,0,0,,0,0,,0,0,,0,0,,5,17,11,NETWORK 09
610238,41.765361,-87.652981,25941,BOND,"7050 S May St, Chicago, IL 60621",(773)535-3480,NETWORK 11,ES,6,1,I,2,0,I,2,1,I,0,0,,1,1,S,0,0,,0,0,,0,0,,0,0,,0,0,,0,0,,3,3,3,NETWORK 11
610239,41.802343,-87.67217,25951,DALEY,"5024 S Wolcott Ave, Chicago, IL 60609",(773)535-9091,NETWORK 8,ES,6,6,S,2,2,S,2,2,S,0,0,,1,1,S,0,0,,0,0,,0,0,,0,0,,0,0,,0,0,,3,11,11,NETWORK 08
610242,41.959984,-87.649786,25991,BRENNEMANN,"4251 N Clarendon Ave, Chicago, IL 60613",(773)534-5766,NETWORK 2,ES,6,8,C,2,5,C,2,2,S,0,0,,1,1,S,0,0,,0,0,,0,0,,0,0,,0,0,,0,0,,3,16,11,NETWORK 02
610244,41.872912,-87.753326,41051,CLARK HS,"5101 W Harrison St, Chicago, IL 60644",(773)534-6250,NETWORK 3,HS,6,3,I,2,0,I,2,1,I,1,0,I,1,0,I,0,0,,0,0,,0,0,,0,0,,0,0,,0,0,,6,4,4,NETWORK 03
610245,41.890368,-87.767705,41061,DOUGLASS HS,"543 N Waller Ave, Chicago, IL 60644",(773)534-6176,NETWORK 3,HS,6,4,I,2,6,C,2,1,I,1,0,I,1,0,I,0,0,,0,0,,0,0,,0,0,,0,0,,0,0,,6,11,7,NETWORK 03
610246,41.798464,-87.625728,29321,BEASLEY,"5255 S State St, Chicago, IL 60615",(773)535-1230,NETWORK 9,ES,6,15,C,2,4,C,2,4,C,0,0,,1,2,C,0,0,,0,0,,0,0,,0,0,,0,0,,0,0,,8,25,11,NETWORK 09
610248,41.942138,-87.776432,45211,CHGO ACAD ES,"3400 N Austin Ave, Chicago, IL 60634",(773)534-3885,AUSL,ES,2,2,S,2,2,S,2,2,S,0,0,,0,0,,1,1,S,0,0,,0,0,,0,0,,0,0,,2,1,I,0,8,8,AUSL
610249,41.794049,-87.690224,26781,TALMAN,"5450 S Talman Ave, Chicago, IL 60632",(773)535-7850,NETWORK 8,ES,6,6,S,2,1,I,2,2,S,0,0,,1,3,C,0,0,,0,0,,0,0,,0,0,,0,0,,0,0,,5,12,10,NETWORK 08
610250,41.90139,-87.63373,30101,SALAZAR,"160 W Wendell St, Chicago, IL 60610",(773)534-8310,NETWORK 6,ES,6,10,C,2,2,S,2,2,S,0,0,,1,1,S,0,0,,0,0,,0,0,,0,0,,0,0,,0,0,,1,15,11,NETWORK 06
610251,41.882922,-87.699187,26021,CATHER,"2908 W Washington Blvd, Chicago, IL 60612",(773)534-6780,NETWORK 5,ES,6,4,I,2,1,I,2,2,S,0,0,,1,1,S,0,0,,0,0,,0,0,,0,0,,0,0,,0,0,,6,8,8,NETWORK 05
610252,41.879897,-87.680316,26031,DETT,"2131 W Monroe St, Chicago, IL 60612",(773)534-7160,NETWORK 6,ES,6,9,C,2,2,S,2,5,C,0,0,,1,2,C,0,0,,0,0,,0,0,,0,0,,0,0,,0,0,,6,18,11,NETWORK 06
610254,41.858911,-87.715744,26051,DVORAK TECH ACAD,"3615 W 16th St, Chicago, IL 60623",(773)534-1690,NETWORK 5,ES,6,6,S,2,2,S,2,2,S,0,0,,1,1,S,0,0,,0,0,,0,0,,0,0,,0,0,,0,0,,40,11,11,NETWORK 05
610256,41.817337,-87.599099,26061,ROBINSON,"4225 S Lake Park Ave, Chicago, IL 60653",(773)535-1777,OS4,ES,6,4,I,2,2,S,2,2,S,0,0,,1,1,S,0,0,,0,0,,0,0,,0,0,,0,0,,0,0,,5,9,9,OS4
610257,41.889287,-87.705062,26091,MORTON,"431 N Troy St, Chicago, IL 60612",(773)534-6791,AUSL,ES,6,6,S,2,2,S,2,2,S,0,0,,1,1,S,0,0,,0,0,,0,0,,0,0,,0,0,,0,0,,4,11,11,AUSL
610263,41.7799,-87.617251,26141,DULLES,"6311 S Calumet Ave, Chicago, IL 60637",(773)535-0690,AUSL,ES,6,6,S,2,1,I,2,2,S,0,0,,1,0,I,0,0,,0,0,,0,0,,0,0,,0,0,,0,0,,8,9,9,AUSL
610268,41.740183,-87.601211,26191,ASHE,"8505 S Ingleside Ave, Chicago, IL 60619",(773)535-3550,OS4,ES,6,12,C,2,4,C,2,2,S,0,0,,1,1,S,0,0,,0,0,,0,0,,0,0,,0,0,,0,0,,8,19,11,OS4
610269,41.970949,-87.654795,26201,MCCUTCHEON,"4865 N Sheridan Rd, Chicago, IL 60640",(773)534-2680,NETWORK 2,ES,6,7,C,2,4,C,2,4,C,0,0,,1,1,S,0,0,,0,0,,0,0,,0,0,,0,0,,0,0,,4,16,11,NETWORK 02
610271,41.873788,-87.702241,29341,JENSEN,"3030 W Harrison St, Chicago, IL 60612",(773)534-6840,NETWORK 5,ES,6,9,C,2,3,C,2,2,S,0,0,,1,1,S,0,0,,0,0,,0,0,,0,0,,0,0,,0,0,,6,15,11,NETWORK 05
610274,41.861837,-87.703102,26231,JOHNSON,"1420 S Albany Ave, Chicago, IL 60623",(773)534-1829,AUSL,ES,6,4,I,2,1,I,2,2,S,0,0,,1,1,S,0,0,,0,0,,0,0,,0,0,,0,0,,0,0,,6,8,8,AUSL
610276,41.814358,-87.616655,26251,MOLLISON,"4415 S Dr Martin L King Jr Dr, Chicago, IL 60653",(773)535-1804,NETWORK 9,ES,6,4,I,2,4,C,2,1,I,0,0,,1,1,S,0,0,,0,0,,0,0,,0,0,,0,0,,0,0,,6,10,8,NETWORK 09
610279,41.760673,-87.606754,26281,TANNER,"7350 S Evans Ave, Chicago, IL 60619",(773)535-3870,NETWORK 12,ES,6,8,C,2,1,I,2,2,S,0,0,,1,1,S,0,0,,0,0,,0,0,,0,0,,0,0,,0,0,,3,12,10,NETWORK 12
610281,41.760315,-87.556819,26291,POWELL,"7511 S South Shore Dr, Chicago, IL 60649",(773)535-6650,NETWORK 12,ES,6,5,I,2,3,C,2,2,S,0,0,,1,1,S,0,0,,0,0,,0,0,,0,0,,0,0,,0,0,,10,11,10,NETWORK 12
610282,41.897792,-87.74673,26301,MCNAIR,"4820 W Walton St, Chicago, IL 60651",(773)534-8980,NETWORK 3,ES,6,6,S,2,3,C,2,4,C,0,0,,1,1,S,0,0,,0,0,,0,0,,0,0,,0,0,,0,0,,8,14,11,NETWORK 03
610284,42.00773,-87.673169,22071,NEW FIELD,"1707 W Morse Ave, Chicago, IL 60626",(773)534-2760,NETWORK 2,ES,6,10,C,2,5,C,2,2,S,0,0,,1,1,S,0,0,,0,0,,0,0,,0,0,,0,0,,0,0,,1,18,11,NETWORK 02
610287,41.742351,-87.709573,32081,ASHBURN,"8300 S Saint Louis Ave, Chicago, IL 60652",(773)535-7860,NETWORK 10,ES,6,4,I,2,2,S,2,2,S,0,0,,1,1,S,0,0,,0,0,,0,0,,0,0,,0,0,,0,0,,5,9,9,NETWORK 10
610290,41.772709,-87.63725,26321,MAYS,"6656 S Normal Blvd, Chicago, IL 60621",(773)535-3892,NETWORK 11,ES,6,6,S,2,0,I,2,2,S,0,0,,1,1,S,0,0,,0,0,,0,0,,0,0,,0,0,,0,0,,2,9,9,NETWORK 11
610291,41.775306,-87.728848,26331,LEE,"6448 S Tripp Ave, Chicago, IL 60629",(773)535-2255,NETWORK 10,ES,6,8,C,2,2,S,2,2,S,0,0,,1,1,S,0,0,,0,0,,0,0,,0,0,,0,0,,0,0,,3,13,11,NETWORK 10
610293,41.878826,-87.724662,26351,MELODY,"3937 W Wilcox St, Chicago, IL 60624",(773)534-6850,NETWORK 5,ES,6,2,I,2,1,I,2,3,C,0,0,,1,1,S,0,0,,0,0,,0,0,,0,0,,0,0,,0,0,,5,7,6,NETWORK 05
610295,41.681032,-87.646957,31251,HIGGINS,"11710 S Morgan St, Chicago, IL 60643",(773)535-5625,NETWORK 13,ES,6,3,I,2,1,I,2,2,S,0,0,,1,1,S,0,0,,0,0,,0,0,,0,0,,0,0,,0,0,,8,7,7,NETWORK 13
610298,41.747185,-87.628077,29361,LENART,"8101 S LaSalle St, Chicago, IL 60620",(773)535-0040,NETWORK 11,ES,6,9,C,2,0,I,2,4,C,0,0,,1,1,S,0,0,,0,0,,0,0,,0,0,,0,0,,0,0,,2,14,9,NETWORK 11
610299,41.765308,-87.641334,26371,HINTON,"644 W 71st St, Chicago, IL 60621",(773)535-3875,NETWORK 11,ES,6,6,S,2,1,I,2,2,S,0,0,,1,1,S,0,0,,0,0,,0,0,,0,0,,0,0,,0,0,,4,10,10,NETWORK 11
610300,41.748896,-87.634751,26381,WESTCOTT,"409 W 80th St, Chicago, IL 60620",(773)535-3090,NETWORK 11,ES,6,6,S,2,1,I,2,2,S,0,0,,1,1,S,0,0,,0,0,,0,0,,0,0,,0,0,,0,0,,5,10,10,NETWORK 11
610304,41.878848,-87.688724,55011,PHOENIX MILITARY HS,"145 S Campbell Ave, Chicago, IL 60612",(773)534-7275,MILITARY,HS,6,6,S,2,1,I,2,2,S,1,0,I,0,0,,2,0,I,1,1,S,0,0,,1,1,S,0,0,,0,0,,1,12,11,MILITARY
610305,41.873588,-87.749239,26391,LELAND,"512 S Lavergne Ave, Chicago, IL 60644",(773)534-6340,NETWORK 3,ES,6,7,C,2,3,C,2,1,I,0,0,,1,2,C,0,0,,0,0,,0,0,,0,0,,0,0,,0,0,,6,13,10,NETWORK 03
610308,41.883569,-87.66944,30121,RUDOLPH,"110 N Paulina St, Chicago, IL 60612",(773)534-7460,NETWORK 6,ES,6,4,I,2,2,S,2,3,C,0,0,,1,1,S,0,0,,0,0,,0,0,,0,0,,0,0,,0,0,,0,10,9,NETWORK 06
610312,41.73316,-87.58959,26421,MCDOWELL,"1419 E 89th St, Chicago, IL 60619",(773)535-6404,NETWORK 12,ES,6,6,S,2,2,S,2,2,S,0,0,,1,1,S,0,0,,0,0,,0,0,,0,0,,0,0,,0,0,,5,11,11,NETWORK 12
610313,41.905293,-87.685793,31261,DIEGO,"1313 N Claremont Ave, Chicago, IL 60622",(773)534-4451,NETWORK 5,ES,6,6,S,2,4,C,2,2,S,0,0,,1,1,S,0,0,,0,0,,0,0,,0,0,,0,0,,0,0,,5,13,11,NETWORK 05
610315,41.672282,-87.650538,26431,WHITE,"1136 W 122nd St, Chicago, IL 60643",(773)535-5672,NETWORK 13,ES,6,3,I,2,3,C,2,2,S,0,0,,1,1,S,0,0,,0,0,,0,0,,0,0,,0,0,,0,0,,0,10,8,NETWORK 13
610316,41.72608,-87.582181,26441,EARHART,"1710 E 93rd St, Chicago, IL 60617",(773)535-6416,NETWORK 12,ES,6,8,C,2,2,S,2,1,I,0,0,,1,1,S,0,0,,0,0,,0,0,,0,0,,0,0,,0,0,,0,12,10,NETWORK 12
610317,41.823899,-87.692114,26451,BRIGHTON PARK,"3825 S Washtenaw Ave, Chicago, IL 60632",(773)535-7237,NETWORK 8,ES,6,5,I,2,4,C,2,3,C,0,0,,1,1,S,0,0,,0,0,,0,0,,0,0,,0,0,,0,0,,2,13,10,NETWORK 08
610319,41.829355,-87.667853,26461,EVERGREEN,"3537 S Paulina St, Chicago, IL 60609",(773)535-4836,NETWORK 8,MS,6,6,S,2,2,S,2,2,S,0,0,,1,1,S,0,0,,0,0,,0,0,,0,0,,0,0,,0,0,,0,11,11,NETWORK 08
610321,41.951988,-87.720284,41081,"MARSHALL, T","3900 N Lawndale Ave, Chicago, IL 60618",(773)534-5200,NETWORK 1,MS,6,4,I,2,1,I,2,3,C,0,0,,1,1,S,0,0,,0,0,,0,0,,0,0,,0,0,,0,0,,1,9,8,NETWORK 01
610323,41.733706,-87.557759,46491,BOWEN HS,"2710 E 89th St, Chicago, IL 60617",(773)535-7650,OS4,HS,6,9,C,2,5,C,2,2,S,1,1,S,1,2,C,0,0,,0,0,,0,0,,0,0,,0,0,,0,0,,4,19,12,OS4
610325,41.933943,-87.70804,41091,LOGANDALE,"3212 W George St, Chicago, IL 60618",(773)534-5350,NETWORK 4,MS,6,7,C,2,3,C,2,2,S,0,0,,1,1,S,0,0,,0,0,,0,0,,0,0,,0,0,,0,0,,1,13,11,NETWORK 04
610329,41.857727,-87.67521,31281,OROZCO,"1940 W 18th St, Chicago, IL 60608",(773)534-7215,NETWORK 7,ES,6,9,C,2,2,S,2,5,C,0,0,,1,1,S,0,0,,0,0,,0,0,,0,0,,0,0,,0,0,,9,17,11,NETWORK 07
610334,41.886237,-87.715424,46471,RABY HS,"3545 W Fulton Blvd, Chicago, IL 60624",(773)534-6755,OS4,HS,7,3,I,1,1,S,2,2,S,1,0,I,0,0,,2,0,I,0,0,,0,0,,0,0,,0,0,,0,0,,1,6,6,OS4
610339,41.758925,-87.64918,26521,STAGG,"7424 S Morgan St, Chicago, IL 60621",(773)535-3565,AUSL,ES,6,9,C,2,4,C,2,4,C,0,0,,1,3,C,0,0,,0,0,,0,0,,0,0,,0,0,,0,0,,7,20,11,AUSL
610340,41.942138,-87.776432,46481,CHGO ACAD HS,"3400 N Austin Ave, Chicago, IL 60634",(773)534-0146,AUSL,HS,2,2,S,2,2,S,2,2,S,0,0,,0,0,,0,0,,0,0,,0,0,,0,0,,0,0,,2,2,S,0,9,8,AUSL
610342,41.906788,-87.683049,29371,SABIN,"2216 W Hirsch St, Chicago, IL 60622",(773)534-4491,NETWORK 5,ES,6,9,C,2,3,C,2,2,S,0,0,,1,1,S,0,0,,0,0,,0,0,,0,0,,0,0,,0,0,,0,15,11,NETWORK 05
610345,41.814499,-87.608382,26541,WOODSON,"4414 S Evans, Chicago, IL 60653",(773)535-1280,NETWORK 9,ES,6,4,I,2,2,S,2,2,S,0,0,,1,2,C,0,0,,0,0,,0,0,,0,0,,0,0,,0,0,,4,11,9,NETWORK 09
610347,41.777483,-87.68106,31301,CLAREMONT,"2300 W 64th St, Chicago, IL 60636",(773)535-8110,NETWORK 10,ES,6,5,I,2,1,I,2,2,S,0,0,,1,1,S,0,0,,0,0,,0,0,,0,0,,0,0,,0,0,,5,9,9,NETWORK 10
610350,41.729692,-87.57668,29381,BLACK,"9101 S Euclid Ave, Chicago, IL 60617",(773)535-6390,NETWORK 12,ES,6,8,C,2,2,S,2,2,S,0,0,,1,1,S,0,0,,0,0,,0,0,,0,0,,0,0,,0,0,,7,13,11,NETWORK 12
610352,41.738843,-87.729992,26831,DURKIN PARK,"8445 S Kolin Ave, Chicago, IL 60652",(773)535-2322,NETWORK 10,ES,6,4,I,2,2,S,2,2,S,0,0,,1,1,S,0,0,,0,0,,0,0,,0,0,,0,0,,0,0,,0,9,9,NETWORK 10
610353,41.82435,-87.711653,26821,CALMECA,"3456 W 38th St, Chicago, IL 60632",(773)535-7000,NETWORK 8,ES,6,7,C,2,2,S,2,3,C,0,0,,1,2,C,0,0,,0,0,,0,0,,0,0,,0,0,,0,0,,4,14,11,NETWORK 08
610354,41.961722,-87.707114,26841,NORTH RIVER,"4416 N Troy St, Chicago, IL 60625",(773)534-0590,NETWORK 1,ES,6,4,I,2,4,C,2,3,C,0,0,,1,1,S,0,0,,0,0,,0,0,,0,0,,0,0,,0,0,,2,12,9,NETWORK 01
610355,41.962308,-87.663816,30141,COURTENAY,"4420 N Beacon St, Chicago, IL 60640",(773)534-5790,NETWORK 2,ES,6,5,I,2,3,C,2,1,I,0,0,,1,1,S,0,0,,0,0,,0,0,,0,0,,0,0,,0,0,,1,10,9,NETWORK 02
610362,41.715665,-87.639342,26591,EVERS,"9811 S Lowe Ave, Chicago, IL 60628",(773)535-2565,NETWORK 11,ES,6,9,C,2,2,S,2,3,C,0,0,,1,2,C,0,0,,0,0,,0,0,,0,0,,0,0,,0,0,,7,16,11,NETWORK 11
610363,41.956824,-87.646048,29401,DISNEY,"4140 N Marine Dr, Chicago, IL 60613",(773)534-5840,NETWORK 2,ES,6,8,C,2,2,S,2,2,S,0,0,,1,1,S,0,0,,0,0,,0,0,,0,0,,0,0,,0,0,,4,13,11,NETWORK 02
610364,41.653706,-87.61432,26601,DUBOIS,"330 E 133rd St, Chicago, IL 60827",(773)535-5582,NETWORK 13,ES,6,7,C,2,2,S,2,1,I,0,0,,1,2,C,0,0,,0,0,,0,0,,0,0,,0,0,,0,0,,2,12,10,NETWORK 13
610366,41.716194,-87.648008,26621,WACKER,"9746 S Morgan St, Chicago, IL 60643",(773)535-2821,NETWORK 11,ES,6,6,S,2,2,S,2,4,C,0,0,,1,2,C,0,0,,0,0,,0,0,,0,0,,0,0,,0,0,,3,14,11,NETWORK 11
610367,41.877978,-87.766334,26631,DE PRIEST,"139 S Parkside Ave, Chicago, IL 60644",(773)534-6800,NETWORK 3,ES,6,6,S,2,2,S,2,4,C,0,0,,1,1,S,0,0,,0,0,,0,0,,0,0,,0,0,,0,0,,3,13,11,NETWORK 03
610368,41.705315,-87.629868,22451,"HUGHES, L","240 W 104th St, Chicago, IL 60628",(773)535-5075,NETWORK 13,ES,6,4,I,2,0,I,2,2,S,0,0,,1,0,I,0,0,,0,0,,0,0,,0,0,,0,0,,0,0,,5,6,6,NETWORK 13
610369,41.734153,-87.646768,26651,"JACKSON, M","917 W 88th St,, Chicago, IL 60620",(773)535-3341,NETWORK 11,ES,6,6,S,2,4,C,2,1,I,0,0,,1,0,I,0,0,,0,0,,0,0,,0,0,,0,0,,0,0,,4,11,9,NETWORK 11
610380,41.804559,-87.624411,55161,"WILLIAMS, D","4934 S Wabash Ave, Chicago, IL 60615",(773)535-1120,NETWORK 9,HS,6,3,I,2,2,S,2,2,S,1,0,I,0,0,,2,1,I,0,0,,0,0,,0,0,,0,0,,0,0,,0,8,8,NETWORK 09
610381,41.804559,-87.624411,55191,BRONZEVILLE HS,"4934 S Wabash Ave, Chicago, IL 60615",(773)535-1150,OS4,HS,6,2,I,2,2,S,2,3,C,1,3,C,0,0,,2,1,I,0,0,,0,0,,0,0,,0,0,,0,0,,2,11,8,OS4
610383,41.836036,-87.734122,55171,GREATER LAWNDALE HS,"3120 S Kostner Ave, Chicago, IL 60623",(773)535-4300,NETWORK 7,HS,6,4,I,2,2,S,2,4,C,1,3,C,0,0,,2,3,C,0,0,,0,0,,0,0,,0,0,,0,0,,0,16,11,NETWORK 07
610384,41.836036,-87.734122,55151,INFINITY HS,"3120 S Kostner Ave, Chicago, IL 60623",(773)535-4225,NETWORK 7,HS,6,5,I,2,3,C,2,1,I,1,1,S,0,0,,2,2,S,0,0,,0,0,,0,0,,0,0,,0,0,,0,12,11,NETWORK 07
610385,41.836036,-87.734122,55181,MULTICULTURAL ACAD SCHOLARSHIP,"3120 S Kostner Ave, Chicago, IL 60623",(773)535-4242,NETWORK 7,HS,6,2,I,2,2,S,2,2,S,1,0,I,0,0,,2,2,S,0,0,,0,0,,0,0,,0,0,,0,0,,0,8,8,NETWORK 07
610389,41.894449,-87.72613,28151,ORR HS,"730 N Pulaski Rd, Chicago, IL 60624",(773)534-6500,AUSL,HS,2,2,S,2,2,S,2,2,S,0,0,,0,0,,0,0,,0,0,,0,0,,0,0,,0,0,,2,2,S,4,9,8,AUSL
610390,41.989033,-87.665188,45221,RICKOVER HS,"5900 N Glenwood Ave, Chicago, IL 60660",(773)534-2890,MILITARY,HS,6,3,I,2,3,C,2,2,S,1,1,S,0,0,,2,2,S,1,1,S,0,0,,1,1,S,0,0,,0,0,,0,13,12,MILITARY
610391,41.782041,-87.671625,46511,LINDBLOM HS,"6130 S Wolcott Ave, Chicago, IL 60636",(773)535-9300,NETWORK 11,HS,6,2,I,2,0,I,2,2,S,1,0,I,0,0,,2,0,I,0,0,,0,0,,0,0,,0,0,,0,0,,4,4,4,NETWORK 11
610392,41.836036,-87.734122,52011,WORLD LANGUAGE HS,"3120 S Kostner Ave, Chicago, IL 60623",(773)535-4334,NETWORK 7,HS,6,4,I,2,2,S,2,2,S,1,1,S,0,0,,2,1,I,0,0,,0,0,,0,0,,0,0,,0,0,,2,10,10,NETWORK 07
610394,41.96552,-87.652473,26861,UPLIFT HS,"900 W Wilson Ave, Chicago, IL 60640",(773)534-2875,NETWORK 2,HS,6,7,C,2,5,C,2,1,I,1,1,S,0,0,,2,2,S,0,0,,0,0,,0,0,,0,0,,0,0,,7,16,12,NETWORK 02
610396,41.76438,-87.706444,26791,TARKINGTON,"3330 W 71st St, Chicago, IL 60629",(773)535-4700,AUSL,ES,2,3,C,2,2,S,2,2,S,0,0,,0,0,,0,0,,0,0,,0,0,,0,0,,0,0,,2,0,I,3,8,6,AUSL
610402,41.941388,-87.690725,46521,DEVRY HS,"3300 N Campbell, Chicago, IL 60618",(773)697-2216,NETWORK 4,HS,6,0,I,2,0,I,2,0,I,1,0,I,0,0,,2,0,I,0,0,,0,0,,0,0,,0,0,,0,0,,0,0,0,NETWORK 04
610405,41.883187,-87.677635,26881,SUDER,"2022 W Washington Blvd, Chicago, IL 60612",(773)534-7685,NETWORK 6,ES,6,9,C,2,0,I,2,2,S,0,0,,0,0,,2,0,I,0,0,,0,0,,0,0,,0,0,,0,0,,1,11,8,NETWORK 06
610499,41.864143,-87.702078,49131,COLLINS HS,"1313 S Sacramento Dr, Chicago, IL 60623",(773)534-1840,AUSL,HS,2,2,S,2,2,S,2,2,S,1,1,S,0,0,,0,0,,0,0,,0,0,,0,0,,0,0,,2,2,S,0,10,9,AUSL
610501,41.885213,-87.763286,49141,AUSTIN POLY HS,"231 N Pine Ave, Chicago, IL 60644",(773)534-6300,NETWORK 3,HS,3,1,I,2,0,I,2,0,I,1,0,I,0,0,,5,0,I,0,0,,0,0,,0,0,,0,0,,0,0,,2,1,1,NETWORK 03
610502,41.878848,-87.688724,49151,MARINE MILITARY HS,"145 S Campbell Ave, Chicago, IL 60612",(773)534-7818,MILITARY,HS,6,7,C,2,2,S,2,2,S,1,1,S,0,0,,2,1,I,1,1,S,0,0,,1,1,S,0,0,,0,0,,0,15,14,MILITARY
610503,41.867014,-87.726314,29411,FRAZIER PROSPECTIVE,"4027 W Grenshaw St, Chicago, IL 60624",(773)534-6880,NETWORK 5,ES,6,9,C,2,2,S,2,2,S,0,0,,0,0,,2,0,I,0,0,,0,0,,0,0,,0,0,,0,0,,5,13,10,NETWORK 05
610504,41.827774,-87.677579,26891,THOMAS,"3625 S Hoyne Ave, Chicago, IL 60609",(773)535-4088,NETWORK 8,ES,6,5,I,2,1,I,2,2,S,0,0,,0,0,,2,2,S,0,0,,0,0,,0,0,,0,0,,0,0,,0,10,10,NETWORK 08
610506,41.781505,-87.635015,49161,TEAM HS,"6201 S Stewart Ave, Chicago, IL 60621",(773)535-3530,NETWORK 11,HS,6,0,I,2,0,I,2,1,I,1,0,I,0,0,,2,0,I,0,0,,0,0,,0,0,,0,0,,0,0,,2,1,1,NETWORK 11
610513,41.828146,-87.63272,45231,AIR FORCE HS,"3630 S Wells St, Chicago, IL 60609",(773)535-1590,MILITARY,HS,6,8,C,2,0,I,2,2,S,1,0,I,0,0,,2,0,I,1,0,I,0,0,,1,0,I,0,0,,0,0,,3,10,8,MILITARY
610515,41.950461,-87.730678,26921,DISNEY II,"3815 N Kedvale Ave,, Chicago, IL 60641",(773)534-3750,NETWORK 1,ES,6,9,C,2,4,C,2,3,C,1,0,I,1,2,C,0,0,,0,0,,0,0,,0,0,,0,0,,0,0,,0,18,11,NETWORK 01
610518,41.885213,-87.763286,46621,VOISE HS,"231 N Pine Ave, Chicago, IL 60644",(773)534-0660,NETWORK 3,HS,6,2,I,2,0,I,2,1,I,1,0,I,0,0,,2,0,I,0,0,,0,0,,0,0,,0,0,,0,0,,0,4,3,NETWORK 03
610520,41.902915,-87.673659,29101,LASALLE II,"1148 N Honore St, Chicago, IL 60622",(773)534-0490,NETWORK 6,ES,6,8,C,2,6,C,2,2,S,0,0,,1,1,S,0,0,,0,0,,0,0,,0,0,,0,0,,0,0,,4,17,11,NETWORK 06
610521,41.771222,-87.666493,29391,"DAVIS, M","6730 S Paulina St, Chicago, IL 60636",(773)535-9120,NETWORK 11,ES,6,13,C,2,4,C,2,2,S,0,0,,1,1,S,0,0,,0,0,,0,0,,0,0,,0,0,,0,0,,5,20,11,NETWORK 11
610523,41.994238,-87.813734,28081,EDISON PARK,"6220 N Olcott Ave, Chicago, IL 60631",(773)534-0960,NETWORK 1,ES,6,6,S,2,2,S,2,2,S,0,0,,1,1,S,0,0,,0,0,,0,0,,0,0,,0,0,,0,0,,1,11,11,NETWORK 01
610530,41.767783,-87.590397,22251,SOUTHSHORE,"1415 E 70th St, Chicago, IL 60637",(773)535-8340,NETWORK 12,ES,6,7,C,2,3,C,2,2,S,1,0,I,1,2,C,0,0,,0,0,,0,0,,0,0,,0,0,,0,0,,3,14,11,NETWORK 12
610532,41.793452,-87.711369,22441,HERNANDEZ,"3510 W 55th St, Chicago, IL 60632",(773)535-8850,NETWORK 8,MS,6,5,I,2,5,C,2,5,C,0,0,,1,1,S,0,0,,0,0,,0,0,,0,0,,0,0,,0,0,,2,16,10,NETWORK 08
610533,41.921317,-87.765817,22581,PRIETO,"2231 N Central Ave, Chicago, IL 60639",(773)534-0210,NETWORK 3,ES,6,11,C,2,1,I,2,1,I,0,0,,1,1,S,0,0,,0,0,,0,0,,0,0,,0,0,,0,0,,1,14,9,NETWORK 03
610534,41.905082,-87.644841,22591,SKINNER NORTH,"640 W Scott St, Chicago, IL 60610",(773)534-8500,NETWORK 4,ES,6,18,C,2,5,C,2,3,C,0,0,,1,2,C,0,0,,0,0,,0,0,,0,0,,0,0,,0,0,,0,28,11,NETWORK 04
610539,41.934931,-87.770091,22691,CAMRAS,"3000 N Mango Ave, Chicago, IL 60634",(773)534-2960,NETWORK 3,ES,6,6,S,2,2,S,2,2,S,0,0,,1,0,I,0,0,,0,0,,0,0,,0,0,,0,0,,0,0,,1,10,10,NETWORK 03
610541,41.940043,-87.724812,22341,LORCA,"3231 N Springfield Ave, Chicago, IL 60618",(773)534-0950,NETWORK 4,ES,6,7,C,2,0,I,2,2,S,0,0,,1,1,S,0,0,,0,0,,0,0,,0,0,,0,0,,0,0,,1,10,9,NETWORK 04
610542,42.002959,-87.70588,22381,WEST RIDGE,"6700 N Whipple St, Chicago, IL 60645",(773)534-8250,NETWORK 2,ES,6,6,S,2,2,S,2,2,S,0,0,,1,1,S,0,0,,0,0,,0,0,,0,0,,0,0,,0,0,,2,11,11,NETWORK 02
610543,41.795202,-87.711022,46101,SOLORIO HS,"5400 S St Louis Ave, Chicago, IL 60632",(773)535-9070,AUSL,HS,2,2,S,2,2,S,2,2,S,0,0,,0,0,,0,0,,0,0,,0,0,,0,0,,0,0,,2,2,S,2,9,8,AUSL
610544,41.771107,-87.739921,22921,AZUELA,"4707 W Marquette Rd, Chicago, IL 60629",(773)535-7395,NETWORK 10,ES,6,9,C,2,0,I,2,2,S,0,0,,1,1,S,0,0,,0,0,,0,0,,0,0,,0,0,,0,0,,4,12,9,NETWORK 10
610547,41.758819,-87.576353,46631,SOUTH SHORE INTL HS,"1955 E 75th St, Chicago, IL 60649",(773)535-8351,NETWORK 12,HS,6,9,C,2,10,C,2,6,C,0,0,,1,2,C,0,0,,0,0,,0,0,,0,0,,0,0,,0,0,,4,27,11,NETWORK 12
610548,41.868548,-87.664968,22711,STEM ES,"1522 W Fillmore St, Chicago, IL 60607",(773)534-7300,NETWORK 6,ES,6,16,C,2,3,C,2,3,C,0,0,,1,2,C,0,0,,0,0,,0,0,,0,0,,0,0,,0,0,,1,25,11,NETWORK 06
610559,41.806519,-87.689781,27091,SHIELDS MIDDLE,"2611 W 48th St, Chicago, IL 60632",(773)535-7115,NETWORK 8,MS,6,7,C,2,5,C,2,2,S,0,0,,1,1,S,0,0,,0,0,,0,0,,0,0,,0,0,,0,0,,0,15,11,NETWORK 08
