SchoolId,41.884205,-87.761891,AUSTIN BUS & ENTRP HS,231 N Pine Ave,1(773)534-6316,60644,231 N Pine Ave Chicago, IL 60644,HS,6,0,I,2,0,I
400018,41.737174,-87.573268,CHICAGO VOCATIONAL HS,2100 E 87th St,1(773)535-6100,60617,2100 E 87th St Chicago, IL 60617,HS,6,7,C,2,2,S
609676,41.840226,-87.617637,DUNBAR HS,3000 S King Dr,1(773)534-9000,60616,3000 S King Dr Chicago, IL 60616,HS,6,5,I,2,5,C
609678,41.873066,-87.627675,JONES HS,700 S State St,1(773)534-8600,60605,700 S State St Chicago, IL 60605,HS,6,8,C,2,1,I
609679,41.920059,-87.761048,PROSSER HS,2148 N Long Ave,1(773)534-3200,60639,2148 N Long Ave Chicago, IL 60639,HS,6,3,I,2,3,C
609680,41.901575,-87.635385,PAYTON HS,1034 N Wells St,1(773)534-0034,60610,1034 N Wells St Chicago, IL 60610,HS,6,7,C,2,2,S
609682,41.802881,-87.662278,RICHARDS HS,5009 S Laflin St,1(773)535-4945,60609,5009 S Laflin St Chicago, IL 60609,HS,6,3,I,2,4,C
609691,41.911674,-87.735238,NORTH-GRAND HS,4338 W Wabansia Ave,1(773)534-8520,60639,4338 W Wabansia Ave Chicago, IL 60639,HS,6,2,I,2,2,S
609692,41.745781,-87.63541,SIMEON HS,8147 S Vincennes Ave,1(773)535-3200,60620,8147 S Vincennes Ave Chicago, IL 60620,HS,6,5,I,2,2,S
609693,41.889977,-87.707332,WESTINGHOUSE HS,3223 W Franklin Blvd,1(773)534-6400,60624,3223 W Franklin Blvd Chicago, IL 60624,HS,6,5,I,2,1,I
609694,41.791464,-87.72447,HANCOCK HS,4034 W 56th St,1(773)535-2410,60629,4034 W 56th St Chicago, IL 60629,HS,6,5,I,2,2,S
609695,41.975067,-87.679484,AMUNDSEN HS,5110 N Damen Ave,1(773)534-2320,60625,5110 N Damen Ave Chicago, IL 60625,HS,6,4,I,2,3,C
609698,41.749376,-87.721097,BOGAN HS,3939 W 79th St,1(773)535-2180,60652,3939 W 79th St Chicago, IL 60652,HS,6,5,I,2,3,C
609704,41.84856,-87.708706,FARRAGUT HS,2345 S Christiana Ave,1(773)534-1300,60623,2345 S Christiana Ave Chicago, IL 60623,HS,6,4,I,2,2,S
609705,41.689951,-87.637572,FENGER HS,11220 S Wallace St,1(773)535-5430,60628,11220 S Wallace St Chicago, IL 60628,HS,6,0,I,2,0,I
609707,41.769714,-87.637153,ROBESON HS,6835 S Normal Blvd,1(773)535-3800,60621,6835 S Normal Blvd Chicago, IL 60621,HS,6,6,S,2,3,C
609708,41.939797,-87.754167,FOREMAN HS,3235 N LeClaire Ave,1(773)534-3400,60641,3235 N LeClaire Ave Chicago, IL 60641,HS,6,7,C,2,3,C
609709,41.791013,-87.688954,GAGE PARK HS,5630 S Rockwell St,1(773)535-9230,60629,5630 S Rockwell St Chicago, IL 60629,HS,6,2,I,2,2,S
609710,41.718372,-87.620623,HARLAN HS,9652 S Michigan Ave,1(773)535-5400,60628,9652 S Michigan Ave Chicago, IL 60628,HS,6,1,I,2,4,C
609711,41.775124,-87.669089,HARPER HS,6520 S Wood St,1(773)535-9150,60636,6520 S Wood St Chicago, IL 60636,HS,6,4,I,2,1,I
609712,41.753748,-87.601727,HIRSCH HS,7740 S Ingleside Ave,1(773)535-3100,60619,7740 S Ingleside Ave Chicago, IL 60619,HS,6,4,I,2,4,C
609713,41.782257,-87.586615,HYDE PARK HS,6220 S Stony Island Ave,1(773)535-0880,60637,6220 S Stony Island Ave Chicago, IL 60637,HS,6,8,C,2,1,I
609715,41.818729,-87.694639,KELLY HS,4136 S California Ave,1(773)535-4900,60632,4136 S California Ave Chicago, IL 60632,HS,6,5,I,2,2,S
609716,41.927918,-87.735999,KELVYN PARK HS,4343 W Wrightwood Ave,1(773)534-4200,60639,4343 W Wrightwood Ave Chicago, IL 60639,HS,6,3,I,2,0,I
609718,41.789961,-87.78084,KENNEDY HS,6325 W 56th St,1(773)535-2325,60638,6325 W 56th St Chicago, IL 60638,HS,6,11,C,2,4,C
609719,41.954764,-87.668953,LAKE VIEW HS,4015 N Ashland Ave,1(773)534-5440,60613,4015 N Ashland Ave Chicago, IL 60613,HS,6,5,I,2,5,C
609720,41.946645,-87.691013,LANE TECH HS,2501 W Addison St,1(773)534-5400,60618,2501 W Addison St Chicago, IL 60618,HS,6,9,C,2,3,C
609722,41.870939,-87.699896,MANLEY HS,2935 W Polk St,1(773)534-6900,60612,2935 W Polk St Chicago, IL 60612,HS,6,4,I,2,0,I
609723,41.878444,-87.70805,MARSHALL HS,3250 W Adams St,1(773)534-6455,60624,3250 W Adams St Chicago, IL 60624,HS,6,5,I,2,2,S
609724,41.987589,-87.702496,MATHER HS,5835 N Lincoln Ave,1(773)534-2350,60659,5835 N Lincoln Ave Chicago, IL 60659,HS,6,6,S,2,2,S
609725,41.692035,-87.665658,MORGAN PARK HS,1744 W Pryor Ave,1(773)535-2550,60643,1744 W Pryor Ave Chicago, IL 60643,HS,6,7,C,2,4,C
609726,41.692763,-87.616353,BROOKS HS,250 E 111th St,1(773)535-9930,60628,250 E 111th St Chicago, IL 60628,HS,6,4,I,2,2,S
609727,41.82388,-87.619796,PHILLIPS HS,244 E Pershing Rd,1(773)535-1603,60653,244 E Pershing Rd Chicago, IL 60653,HS,6,5,I,2,1,I
609728,41.964828,-87.714819,ROOSEVELT HS,3436 W Wilson Ave,1(773)534-5000,60625,3436 W Wilson Ave Chicago, IL 60625,HS,6,8,C,2,2,S
609729,41.946365,-87.735612,SCHURZ HS,3601 N Milwaukee Ave,1(773)534-3420,60641,3601 N Milwaukee Ave Chicago, IL 60641,HS,6,5,I,2,4,C
609730,41.989029,-87.667136,SENN HS,5900 N Glenwood Ave,1(773)534-2365,60660,5900 N Glenwood Ave Chicago, IL 60660,HS,6,2,I,2,5,C
609732,41.935634,-87.783515,STEINMETZ HS,3030 N Mobile Ave,1(773)534-3030,60634,3030 N Mobile Ave Chicago, IL 60634,HS,6,6,S,2,2,S
609733,42.002688,-87.669192,SULLIVAN HS,6631 N Bosworth Ave,1(773)534-2000,60626,6631 N Bosworth Ave Chicago, IL 60626,HS,6,3,I,2,3,C
609734,41.982961,-87.791547,TAFT HS,6530 W Bryn Mawr Ave,1(773)534-1000,60631,6530 W Bryn Mawr Ave Chicago, IL 60631,HS,6,6,S,2,3,C
609735,41.80751,-87.642966,TILDEN HS,4747 S Union Ave,1(773)535-1625,60609,4747 S Union Ave Chicago, IL 60609,HS,6,7,C,2,2,S
609737,41.973185,-87.713386,VON STEUBEN HS,5039 N Kimball Ave,1(773)534-5100,60625,5039 N Kimball Ave Chicago, IL 60625,HS,6,7,C,2,3,C
609738,41.918268,-87.646009,LINCOLN PARK HS,2001 N Orchard St,1(773)534-8130,60614,2001 N Orchard St Chicago, IL 60614,HS,6,13,C,2,3,C
609739,41.688137,-87.53757,WASHINGTON HS,3535 E 114th St,1(773)535-5725,60617,3535 E 114th St Chicago, IL 60617,HS,6,12,C,2,8,C
609740,41.898995,-87.667483,WELLS HS,936 N Ashland Ave,1(773)534-7010,60622,936 N Ashland Ave Chicago, IL 60622,HS,6,3,I,2,4,C
609741,41.780526,-87.718014,HUBBARD HS,6200 S Hamlin Ave,1(773)535-2200,60629,6200 S Hamlin Ave Chicago, IL 60629,HS,6,7,C,2,3,C
609744,41.982973,-87.722386,NORTHSIDE LEARNING HS,3730 W Bryn Mawr Ave,1(773)534-5180,60659,3730 W Bryn Mawr Ave Chicago, IL 60659,HS,6,2,I,2,2,S
609745,41.759852,-87.675947,SOUTHSIDE HS,7342 S Hoyne Ave,1(773)535-9100,60636,7342 S Hoyne Ave Chicago, IL 60636,HS,6,6,S,2,2,S
609746,41.803772,-87.590421,KENWOOD HS,5015 S Blackstone Ave,1(773)535-1350,60615,5015 S Blackstone Ave Chicago, IL 60615,HS,6,5,I,2,3,C
609748,41.842533,-87.695261,YORK HS,2700 S California Ave,1(773)535-7021,60608,2700 S California Ave Chicago, IL 60608,HS,0,0,,3,3,S
609749,41.981315,-87.708708,NORTHSIDE PREP HS,5501 N Kedzie Ave,1(773)534-3954,60625,5501 N Kedzie Ave Chicago, IL 60625,HS,6,10,C,2,3,C
609750,41.864365,-87.668722,SIMPSON HS,1321 S Paulina St,1(773)534-7812,60608,1321 S Paulina St Chicago, IL 60608,HS,2,0,I,2,0,I
609751,41.813675,-87.603874,KING HS,4445 S Drexel Blvd,1(773)535-1180,60653,4445 S Drexel Blvd Chicago, IL 60653,HS,6,3,I,2,3,C
609753,41.691221,-87.71777,CHICAGO AGRICULTURE HS,3857 W 111th St,1(773)535-2500,60655,3857 W 111th St Chicago, IL 60655,HS,6,7,C,2,2,S
609754,41.830555,-87.619216,CHICAGO MILITARY HS,3519 S Giles Ave,1(773)534-9750,60653,3519 S Giles Ave Chicago, IL 60653,HS,6,2,I,2,2,S
609755,41.878603,-87.664233,YOUNG HS,211 S Laflin St,1(773)534-7500,60607,211 S Laflin St Chicago, IL 60607,HS,6,8,C,2,2,S
609756,41.80306,-87.722042,CURIE HS,4959 S Archer Ave,1(773)535-2100,60632,4959 S Archer Ave Chicago, IL 60632,HS,6,7,C,2,2,S
609759,41.902626,-87.686906,CLEMENTE HS,1147 N Western Ave,1(773)534-4000,60622,1147 N Western Ave Chicago, IL 60622,HS,6,7,C,2,5,C
609760,41.65629,-87.59062,CARVER MILITARY HS,13100 S Doty Ave,1(773)535-5250,60627,13100 S Doty Ave Chicago, IL 60627,HS,6,3,I,2,1,I
609761,41.70666,-87.601216,CORLISS HS,821 E 103rd St,1(773)535-5115,60628,821 E 103rd St Chicago, IL 60628,HS,6,6,S,2,3,C
609762,41.705859,-87.653749,JULIAN HS,10330 S Elizabeth St,1(773)535-5170,60643,10330 S Elizabeth St Chicago, IL 60643,HS,6,3,I,2,2,S
609764,41.852667,-87.663732,JUAREZ HS,2150 S Laflin St,1(773)534-7030,60608,2150 S Laflin St Chicago, IL 60608,HS,6,6,S,2,6,C
609766,41.960364,-87.764663,VAUGHN HS,4355 N Linder Ave,1(773)534-3600,60641,4355 N Linder Ave Chicago, IL 60641,HS,6,7,C,2,1,I
609768,41.793553,-87.641244,HOPE HS,5515 S Lowe Ave,1(773)535-3160,60621,5515 S Lowe Ave Chicago, IL 60621,HS,6,3,I,2,1,I
609769,41.849675,-87.625315,GRAHAM HS,2347 S Wabash Ave,1(773)534-9257,60616,2347 S Wabash Ave Chicago, IL 60616,HS,6,5,I,2,2,S
609772,41.698739,-87.532976,ADDAMS,10810 S Avenue H,1(773)535-6210,60617-6726,10810 S Avenue H Chicago, IL 60617-6726,ES,6,7,C,2,0,I
609773,41.934126,-87.656229,AGASSIZ,2851 N Seminary Ave,1(773)534-5725,60657,2851 N Seminary Ave Chicago, IL 60657,ES,6,9,C,2,1,I
609774,41.92985,-87.646413,ALCOTT ES,2625 N Orchard ST,1(773)534-5460,60614-1573,2625 N Orchard ST Chicago, IL 60614-1573,ES,6,4,I,2,2,S
609777,41.833854,-87.650653,ARMOUR,950 W 33rd Pl,1(773)535-4530,60608,950 W 33rd Pl Chicago, IL 60608,ES,6,4,I,2,1,I
609779,42.01015,-87.684442,ARMSTRONG G,2110 W Greenleaf Ave,1(773)534-2150,60645,2110 W Greenleaf Ave Chicago, IL 60645,ES,6,6,S,2,4,C
609780,41.916045,-87.721742,MARINE LEADERSHIP AT AMES HS,1920 N Hamlin Ave,1(773)534-4970,60647,1920 N Hamlin Ave Chicago, IL 60647,HS,6,7,C,2,3,C
609782,41.945062,-87.681041,AUDUBON,3500 N Hoyne Ave,1(773)534-5470,60618,3500 N Hoyne Ave Chicago, IL 60618,ES,6,12,C,2,4,C
609783,41.867832,-87.680418,JEFFERSON HS,1100 S Hamilton Ave,1(312)433-7110,60612,1100 S Hamilton Ave Chicago, IL 60612,HS,0,0,,2,0,I
609786,41.748247,-87.591654,AVALON PARK,8045 S Kenwood Ave,1(773)535-6615,60619,8045 S Kenwood Ave Chicago, IL 60619,ES,6,6,S,2,2,S
609788,41.705131,-87.658074,BARNARD,10354 S Charles St,1(773)535-2625,60643,10354 S Charles St Chicago, IL 60643,ES,6,6,S,2,3,C
609789,41.932511,-87.739388,BARRY,2828 N Kilbourn Ave,1(773)534-3455,60641,2828 N Kilbourn Ave Chicago, IL 60641,ES,6,6,S,2,0,I
609790,41.754194,-87.670927,BARTON,7650 S Wolcott Ave,1(773)535-3260,60620,7650 S Wolcott Ave Chicago, IL 60620,ES,6,4,I,2,2,S
609791,41.774246,-87.653532,BASS,1140 W 66th St,1(773)535-3275,60621,1140 W 66th St Chicago, IL 60621,ES,6,4,I,2,2,S
609792,41.95822,-87.702151,BATEMAN,4220 N Richmond St,1(773)534-5055,60618,4220 N Richmond St Chicago, IL 60618,ES,6,6,S,2,2,S
609793,41.784942,-87.647453,NICHOLSON,6006 S Peoria St,1(773)535-3285,60621,6006 S Peoria St Chicago, IL 60621,ES,6,6,S,2,2,S
609794,41.971506,-87.709304,EDISON,4929 N Sawyer Ave,1(773)534-0540,60625,4929 N Sawyer Ave Chicago, IL 60625,ES,6,13,C,2,3,C
609795,41.867813,-87.770418,CLARK ES,1045 S Monitor Ave,1(773)534-6225,60644,1045 S Monitor Ave Chicago, IL 60644,ES,6,6,S,2,2,S
609796,41.972394,-87.757565,BEAUBIEN,5025 N Laramie Ave,1(773)534-3500,60630,5025 N Laramie Ave Chicago, IL 60630,ES,6,6,S,2,2,S
609797,41.885321,-87.705855,BEIDLER,3151 W Walnut St,1(773)534-6811,60612,3151 W Walnut St Chicago, IL 60612,ES,6,2,I,2,3,C
609798,41.958938,-87.73402,BELDING,4257 N Tripp Ave,1(773)534-3590,60641,4257 N Tripp Ave Chicago, IL 60641,ES,6,5,I,2,2,S
609799,41.94953,-87.686018,BELL,3730 N Oakley Ave,1(773)534-5150,60618,3730 N Oakley Ave Chicago, IL 60618,ES,6,18,C,2,2,S
609800,41.710435,-87.61739,BENNETT,10115 S Prairie Ave,1(773)535-5460,60628,10115 S Prairie Ave Chicago, IL 60628,ES,6,10,C,2,3,C
609803,41.950781,-87.664968,BLAINE,1420 W Grace St,1(773)534-5750,60613,1420 W Grace St Chicago, IL 60613,ES,6,7,C,2,1,I
609804,42.003412,-87.697463,BOONE,6710 N Washtenaw Ave,1(773)534-2160,60645,6710 N Washtenaw Ave Chicago, IL 60645,ES,6,4,I,2,3,C
609805,41.749339,-87.669366,JOPLIN,7931 S Honore St,1(773)535-3425,60620,7931 S Honore St Chicago, IL 60620,ES,6,4,I,2,1,I
609806,41.754365,-87.557142,BRADWELL,7736 S Burnham Ave,1(773)535-6600,60649,7736 S Burnham Ave Chicago, IL 60649,ES,6,8,C,2,4,C
609807,41.753457,-87.708731,HAMPTON,3434 W 77th St,1(773)535-4030,60652,3434 W 77th St Chicago, IL 60652,ES,6,6,S,2,1,I
609808,41.68666,-87.633632,HALEY,11411 S Eggleston Ave,1(773)535-5340,60628,11411 S Eggleston Ave Chicago, IL 60628,ES,6,6,S,2,2,S
609809,41.930966,-87.696294,BRENTANO,2723 N Fairfield Ave,1(773)534-4100,60647,2723 N Fairfield Ave Chicago, IL 60647,ES,6,8,C,2,3,C
609810,41.949114,-87.798669,BRIDGE,3800 N New England Ave,1(773)534-3718,60634,3800 N New England Ave Chicago, IL 60634,ES,6,7,C,2,2,S
609811,41.699726,-87.562084,BRIGHT,10740 S Calhoun Ave,1(773)535-6215,60617,10740 S Calhoun Ave Chicago, IL 60617,ES,6,3,I,2,1,I
609812,41.882997,-87.670682,BROWN W,54 N Hermitage Ave,1(773)534-7250,60612,54 N Hermitage Ave Chicago, IL 60612,ES,6,6,S,2,3,C
609813,41.77162,-87.621746,BROWNELL,6741 S Michigan Ave,1(773)535-3030,60637,6741 S Michigan Ave Chicago, IL 60637,ES,6,7,C,2,1,I
609815,41.760847,-87.576075,BOUCHET,7355 S Jeffery Blvd,1(773)535-0501,60649,7355 S Jeffery Blvd Chicago, IL 60649,ES,6,6,S,2,3,C
609817,41.975754,-87.696556,BUDLONG,2701 W Foster Ave,1(773)534-2591,60625,2701 W Foster Ave Chicago, IL 60625,ES,6,8,C,2,8,C
609818,41.917598,-87.7827,BURBANK,2035 N Mobile Ave,1(773)534-3000,60639,2035 N Mobile Ave Chicago, IL 60639,ES,6,10,C,2,2,S
609819,41.79676,-87.616141,BURKE,5356 S King Dr,1(773)535-1325,60615,5356 S King Dr Chicago, IL 60615,ES,6,5,I,2,2,S
609820,41.937937,-87.669853,BURLEY,1630 W Barry Ave,1(773)534-5475,60657,1630 W Barry Ave Chicago, IL 60657,ES,6,8,C,2,3,C
609821,41.714402,-87.567131,BURNHAM,9928 S Crandon Ave,1(773)535-6530,60617,9928 S Crandon Ave Chicago, IL 60617,ES,6,7,C,2,2,S
609826,41.84545,-87.714927,CASTELLANOS,2524 S Central Park Ave,1(773)534-1620,60623,2524 S Central Park Ave Chicago, IL 60623,ES,6,4,I,2,0,I
609827,41.728481,-87.607435,BURNSIDE,650 E 91st Pl,1(773)535-3300,60619,650 E 91st Pl Chicago, IL 60619,ES,6,2,I,2,2,S
609828,41.912358,-87.668661,BURR,1621 W Wabansia Ave,1(773)534-4090,60622,1621 W Wabansia Ave Chicago, IL 60622,ES,6,5,I,2,1,I
609829,41.828868,-87.692457,BURROUGHS,3542 S Washtenaw Ave,1(773)535-7226,60632,3542 S Washtenaw Ave Chicago, IL 60632,ES,6,6,S,2,2,S
609830,41.897663,-87.765606,BRUNSON,932 N Central Ave,1(773)534-6025,60651,932 N Central Ave Chicago, IL 60651,ES,6,7,C,2,2,S
609832,41.795031,-87.791544,BYRNE,5329 S Oak Park Ave,1(773)535-2170,60638,5329 S Oak Park Ave Chicago, IL 60638,ES,6,7,C,2,3,C
609833,41.739226,-87.580729,CALDWELL,8546 S Cregier Ave,1(773)535-6300,60617,8546 S Cregier Ave Chicago, IL 60617,ES,6,5,I,2,1,I
609834,41.843698,-87.717319,LITTLE VILLAGE,2620 S Lawndale Ave,1(773)534-1880,60623,2620 S Lawndale Ave Chicago, IL 60623,ES,6,6,S,2,3,C
609835,41.903792,-87.717927,CAMERON,1234 N Monticello Ave,1(773)534-4290,60651,1234 N Monticello Ave Chicago, IL 60651,ES,6,6,S,2,2,S
609836,41.948007,-87.829296,CANTY,3740 N Panama Ave,1(773)534-1238,60634,3740 N Panama Ave Chicago, IL 60634,ES,6,8,C,2,3,C
609837,41.783368,-87.590795,CARNEGIE,1414 E 61st Pl,1(773)535-0530,60637,1414 E 61st Pl Chicago, IL 60637,ES,6,8,C,2,2,S
609839,41.742517,-87.696012,CARROLL,2929 W 83rd St,1(773)535-9414,60652,2929 W 83rd St Chicago, IL 60652,ES,6,2,I,2,2,S
609842,41.793272,-87.6878,CARSON,5516 S Maplewood Ave,1(773)535-9222,60629,5516 S Maplewood Ave Chicago, IL 60629,ES,6,7,C,2,2,S
609844,41.789828,-87.622453,CARTER,5740 S Michigan Ave,1(773)535-0860,60637,5740 S Michigan Ave Chicago, IL 60637,ES,6,3,I,2,0,I
609845,41.653702,-87.599516,CARVER G,901 E 133rd Pl,1(773)535-5674,60827,901 E 133rd Pl Chicago, IL 60827,ES,6,6,S,2,4,C
609848,41.657405,-87.606474,ALDRIDGE,630 E 131st St,1(773)535-5614,60827,630 E 131st St Chicago, IL 60827,ES,6,6,S,2,3,C
609849,41.687347,-87.703215,CASSELL,11314 S Spaulding Ave,1(773)535-2640,60655,11314 S Spaulding Ave Chicago, IL 60655,ES,6,6,S,2,3,C
609850,41.95281,-87.65098,GREELEY,832 W Sheridan Rd,1(773)534-5800,60613,832 W Sheridan Rd Chicago, IL 60613,ES,6,11,C,2,1,I
609851,41.866435,-87.695259,CHALMERS,2745 W Roosevelt Rd,1(773)534-1720,60608,2745 W Roosevelt Rd Chicago, IL 60608,ES,6,7,C,2,2,S
609852,41.975894,-87.683264,CHAPPELL,2135 W Foster Ave,1(773)534-2390,60625,2135 W Foster Ave Chicago, IL 60625,ES,6,6,S,2,3,C
609853,41.917993,-87.694562,CHASE,2021 N Point St,1(773)534-4185,60647,2021 N Point St Chicago, IL 60647,ES,6,6,S,2,4,C
609854,41.896713,-87.688937,CHOPIN,2450 W Rice St,1(773)534-4080,60622,2450 W Rice St Chicago, IL 60622,ES,6,5,I,2,4,C
609855,41.801659,-87.685607,CHRISTOPHER,5042 S Artesian Ave,1(773)535-9375,60632,5042 S Artesian Ave Chicago, IL 60632,ES,6,7,C,2,1,I
609856,41.654558,-87.544614,CLAY,13231 S Burley Ave,1(773)535-5600,60633,13231 S Burley Ave Chicago, IL 60633,ES,6,6,S,2,2,S
609857,41.952042,-87.706443,CLEVELAND,3121 W Byron St,1(773)534-5130,60618,3121 W Byron St Chicago, IL 60618,ES,6,3,I,2,2,S
609859,41.992541,-87.69836,CLINTON,6110 N Fairfield Ave,1(773)534-2025,60659,6110 N Fairfield Ave Chicago, IL 60659,ES,6,5,I,2,3,C
609861,41.693026,-87.680897,CLISSOLD,2350 W 110th Pl,1(773)535-2560,60643,2350 W 110th Pl Chicago, IL 60643,ES,6,5,I,2,3,C
609862,41.741413,-87.56597,COLES,8441 S Yates Blvd,1(773)535-6550,60617,8441 S Yates Blvd Chicago, IL 60617,ES,6,10,C,2,1,I
609863,41.899566,-87.681938,COLUMBUS,1003 N Leavitt St,1(773)534-4350,60622,1003 N Leavitt St Chicago, IL 60622,ES,6,10,C,2,1,I
609864,41.745237,-87.659775,COOK,8150 S Bishop St,1(773)535-3315,60620,8150 S Bishop St Chicago, IL 60620,ES,6,4,I,2,1,I
609865,42.017088,-87.677763,JORDAN,7414 N Wolcott Ave,1(773)534-2220,60626,7414 N Wolcott Ave Chicago, IL 60626,ES,6,4,I,2,2,S
609866,41.955553,-87.683765,COONLEY,4046 N Leavitt St,1(773)534-5140,60618,4046 N Leavitt St Chicago, IL 60618,ES,6,8,C,2,3,C
609867,41.856031,-87.667227,COOPER,1624 W 19th St,1(773)534-7205,60608,1624 W 19th St Chicago, IL 60608,ES,6,6,S,2,3,C
609869,41.784681,-87.657169,LANGFORD,6010 S Throop St,1(773)535-9180,60636,6010 S Throop St Chicago, IL 60636,ES,6,3,I,2,1,I
609870,41.845602,-87.731193,CORKERY,2510 S Kildare Ave,1(773)534-1650,60623,2510 S Kildare Ave Chicago, IL 60623,ES,6,6,S,2,0,I
609871,41.688191,-87.685677,VICK,2554 W 113th St,1(773)535-2671,60655,2554 W 113th St Chicago, IL 60655,ES,4,0,I,2,0,I
609872,41.856029,-87.65798,PEREZ,1241 W 19th St,1(773)534-7650,60608,1241 W 19th St Chicago, IL 60608,ES,6,5,I,2,1,I
609873,41.852663,-87.71247,CROWN,2128 S Saint Louis Ave,1(773)534-1680,60623,2128 S Saint Louis Ave Chicago, IL 60623,ES,6,5,I,2,1,I
609874,41.973715,-87.841041,DIRKSEN,8601 W Foster Ave,1(773)534-1090,60656,8601 W Foster Ave Chicago, IL 60656,ES,6,7,C,2,1,I
609875,41.923323,-87.705413,DARWIN,3116 W Belden Ave,1(773)534-4110,60647,3116 W Belden Ave Chicago, IL 60647,ES,6,8,C,2,5,C
609876,41.821852,-87.700202,DAVIS N,3014 W 39th Pl,1(773)535-4540,60632,3014 W 39th Pl Chicago, IL 60632,ES,6,6,S,2,3,C
609879,41.745078,-87.717353,DAWES,3810 W 81st Pl,1(773)535-2350,60652,3810 W 81st Pl Chicago, IL 60652,ES,6,6,S,2,3,C
609880,42.009289,-87.704619,DECATUR,7030 N Sacramento Ave,1(773)534-2201,60645,7030 N Sacramento Ave Chicago, IL 60645,ES,6,7,C,2,2,S
609883,41.76249,-87.623345,DENEEN,7240 S Wabash Ave,1(773)535-3035,60619,7240 S Wabash Ave Chicago, IL 60619,ES,6,2,I,2,1,I
609884,41.942552,-87.813132,DEVER,3436 N Osceola Ave,1(773)534-3090,60634,3436 N Osceola Ave Chicago, IL 60634,ES,6,6,S,2,2,S
609885,41.795646,-87.642652,DEWEY,5415 S Union Ave,1(773)535-1666,60609,5415 S Union Ave Chicago, IL 60609,ES,6,4,I,2,2,S
609887,41.743669,-87.609979,DIXON,8306 S Saint Lawrence Ave,1(773)535-3834,60619,8306 S Saint Lawrence Ave Chicago, IL 60619,ES,6,5,I,2,2,S
609888,41.889184,-87.703794,DODGE,431 N Troy St,1(773)534-6640,60612,431 N Troy St Chicago, IL 60612,ES,2,0,I,2,0,I
609891,41.831121,-87.612275,DOOLITTLE,535 E 35th St,1(773)535-1040,60616,535 E 35th St Chicago, IL 60616,ES,6,5,I,2,4,C
609893,41.780954,-87.787604,DORE,6108 S Natoma Ave,1(773)535-2080,60638,6108 S Natoma Ave Chicago, IL 60638,ES,6,10,C,2,1,I
609894,41.844043,-87.628553,DRAKE,2710 S Dearborn St,1(773)534-9129,60616,2710 S Dearborn St Chicago, IL 60616,ES,6,3,I,2,2,S
609895,41.725609,-87.630164,TURNER-DREW,9300 S Princeton Ave,1(773)535-5720,60620,9300 S Princeton Ave Chicago, IL 60620,ES,6,9,C,2,2,S
609896,41.915914,-87.674495,DRUMMOND,1845 W Cortland St,1(773)534-4120,60622,1845 W Cortland St Chicago, IL 60622,ES,6,8,C,2,1,I
609897,41.781225,-87.675547,EARLE,2040 W 62nd St,1(773)535-9130,60636,2040 W 62nd St Chicago, IL 60636,ES,6,8,C,2,2,S
609898,41.77442,-87.707953,EBERHART,3400 W 65th Pl,1(773)535-9190,60629,3400 W 65th Pl Chicago, IL 60629,ES,6,6,S,2,2,S
609899,42.004408,-87.81117,EBINGER,7350 W Pratt Ave,1(773)534-1070,60631,7350 W Pratt Ave Chicago, IL 60631,ES,6,7,C,2,2,S
609900,41.685418,-87.621653,CURTIS,32 E 115th St,1(773)535-5050,60628,32 E 115th St Chicago, IL 60628,ES,6,4,I,2,2,S
609901,41.999437,-87.76184,EDGEBROOK,6525 N Hiawatha Ave,1(773)534-1194,60646,6525 N Hiawatha Ave Chicago, IL 60646,ES,6,6,S,2,0,I
609902,41.669444,-87.634306,METCALFE,12339 S Normal Ave,1(773)535-5590,60628,12339 S Normal Ave Chicago, IL 60628,ES,6,2,I,2,1,I
609903,41.805542,-87.725856,EDWARDS,4815 S Karlov Ave,1(773)535-4875,60632,4815 S Karlov Ave Chicago, IL 60632,ES,6,10,C,2,2,S
609904,41.88553,-87.766589,ELLINGTON,243 N Parkside Ave,1(773)534-6361,60644,243 N Parkside Ave Chicago, IL 60644,ES,6,6,S,2,2,S
609907,41.875744,-87.715804,ERICSON,3600 W 5th Ave,1(773)534-6660,60624,3600 W 5th Ave Chicago, IL 60624,ES,6,7,C,2,3,C
609908,41.68942,-87.669159,ESMOND,1865 W Montvale Ave,1(773)535-2650,60643,1865 W Montvale Ave Chicago, IL 60643,ES,6,5,I,2,1,I
609909,41.831555,-87.68131,EVERETT,3419 S Bell Ave,1(773)535-4550,60608,3419 S Bell Ave Chicago, IL 60608,ES,6,8,C,2,2,S
609910,41.935785,-87.749331,FALCONER,3020 N Lamon Ave,1(773)534-3560,60641,3020 N Lamon Ave Chicago, IL 60641,ES,6,5,I,2,2,S
609912,41.97979,-87.766072,FARNSWORTH,5414 N Linder Ave,1(773)534-3535,60630,5414 N Linder Ave Chicago, IL 60630,ES,6,5,I,2,2,S
609917,41.711184,-87.640414,FERNWOOD,10041 S Union Ave,1(773)535-2700,60628,10041 S Union Ave Chicago, IL 60628,ES,6,4,I,2,2,S
609918,42.009664,-87.669985,FIELD,7019 N Ashland Ave,1(773)534-2030,60626,7019 N Ashland Ave Chicago, IL 60626,ES,6,6,S,2,3,C
609919,41.785183,-87.608633,FISKE,6020 S Langley Ave,1(773)535-0990,60637,6020 S Langley Ave Chicago, IL 60637,ES,6,3,I,2,2,S
609920,41.850771,-87.705112,KANOON,2233 S Kedzie Ave,1(773)534-1736,60623,2233 S Kedzie Ave Chicago, IL 60623,ES,6,5,I,2,0,I
609921,41.847947,-87.696006,TELPOCHCALLI,2832 W 24th Blvd,1(773)534-1402,60623,2832 W 24th Blvd Chicago, IL 60623,ES,4,4,S,0,0,
609922,41.92095,-87.757343,BELMONT-CRAGIN,5252 W Palmer St,1(773)534-2900,60639,5252 W Palmer St Chicago, IL 60639,ES,6,7,C,2,0,I
609924,41.729673,-87.655481,FORT DEARBORN,9025 S Throop St,1(773)535-2680,60620,9025 S Throop St Chicago, IL 60620,ES,6,9,C,2,2,S
609925,41.870168,-87.702163,KELLMAN,3030 W Arthington St,1(773)534-6602,60612,3030 W Arthington St Chicago, IL 60612,ES,6,7,C,2,2,S
609926,41.9066,-87.635513,FRANKLIN,225 W Evergreen Ave,1(773)534-8510,60610,225 W Evergreen Ave Chicago, IL 60610,ES,6,13,C,2,2,S
609927,41.738425,-87.668099,FOSTER PARK,8530 S Wood St,1(773)535-2725,60620,8530 S Wood St Chicago, IL 60620,ES,6,5,I,2,2,S
609928,41.818003,-87.611784,FULLER,4214 S St Lawrence Ave,1(773)535-1687,60653,4214 S St Lawrence Ave Chicago, IL 60653,ES,6,6,S,2,1,I
609929,41.79758,-87.668436,FULTON,5300 S Hermitage Ave,1(773)535-9000,60609,5300 S Hermitage Ave Chicago, IL 60609,ES,6,4,I,2,1,I
609930,41.917617,-87.716892,FUNSTON,2010 N Central Park Ave,1(773)534-4125,60647,2010 N Central Park Ave Chicago, IL 60647,ES,6,10,C,2,0,I
609933,42.021091,-87.671939,GALE,1631 W Jonquil Ter,1(773)534-2100,60626,1631 W Jonquil Ter Chicago, IL 60626,ES,6,6,S,2,2,S
609935,41.706801,-87.535175,GALLISTEL,10347 S Ewing Ave,1(773)535-6540,60617,10347 S Ewing Ave Chicago, IL 60617,ES,6,6,S,2,2,S
609937,41.976352,-87.796235,GARVY,5225 N Oak Park Ave,1(773)534-1185,60656,5225 N Oak Park Ave Chicago, IL 60656,ES,6,6,S,2,2,S
609938,41.837065,-87.718697,GARY,3740 W 31st St,1(773)534-1455,60623,3740 W 31st St Chicago, IL 60623,ES,6,7,C,2,3,C
609939,41.725332,-87.623719,GILLESPIE,9301 S State St,1(773)535-5065,60619,9301 S State St Chicago, IL 60619,ES,6,2,I,2,2,S
609941,41.760614,-87.675966,RANDOLPH,7316 S Hoyne Ave,1(773)535-9015,60636,7316 S Hoyne Ave Chicago, IL 60636,ES,6,7,C,2,0,I
609942,41.922831,-87.6929,GOETHE,2236 N Rockwell St,1(773)534-4135,60647,2236 N Rockwell St Chicago, IL 60647,ES,6,8,C,2,2,S
609943,41.670618,-87.622546,OWENS,12302 S State St,1(773)535-5475,60628,12302 S State St Chicago, IL 60628,ES,6,1,I,2,2,S
609944,41.662481,-87.553307,GRISSOM,12810 S Escanaba Ave,1(773)535-5380,60633,12810 S Escanaba Ave Chicago, IL 60633,ES,6,6,S,2,0,I
609945,41.975817,-87.657912,GOUDY,5120 N Winthrop Ave,1(773)534-2480,60640,5120 N Winthrop Ave Chicago, IL 60640,ES,6,8,C,2,1,I
609947,41.813304,-87.643344,GRAHAM ES,4436 S Union Ave,1(773)535-1308,60609,4436 S Union Ave Chicago, IL 60609,ES,6,6,S,2,2,S
609949,41.948764,-87.757116,GRAY,3730 N Laramie Ave,1(773)534-3520,60641,3730 N Laramie Ave Chicago, IL 60641,ES,6,6,S,2,1,I
609950,41.838791,-87.71719,ORTIZ DE DOMINGUEZ,3000 S Lawndale Ave,1(773)534-1600,60623,3000 S Lawndale Ave Chicago, IL 60623,ES,6,4,I,2,2,S
609951,41.811173,-87.597503,ARIEL,1119 E 46th St,1(773)535-1996,60653,1119 E 46th St Chicago, IL 60653,ES,6,2,I,2,2,S
609952,41.829669,-87.671492,GREENE,3525 S Honore St,1(773)535-4560,60609,3525 S Honore St Chicago, IL 60609,ES,6,5,I,2,2,S
609954,41.870742,-87.718666,GREGORY,3715 W Polk St,1(773)534-6820,60624,3715 W Polk St Chicago, IL 60624,ES,6,6,S,2,2,S
609955,41.73892,-87.645025,GRESHAM,8524 S Green St,1(773)535-3350,60620,8524 S Green St Chicago, IL 60620,ES,6,6,S,2,2,S
609956,41.775464,-87.758803,GRIMES,5450 W 64th Pl,1(773)535-2364,60638,5450 W 64th Pl Chicago, IL 60638,ES,6,7,C,2,2,S
609958,41.813007,-87.699364,GUNSAULUS,4420 S Sacramento Ave,1(773)535-7215,60632,4420 S Sacramento Ave Chicago, IL 60632,ES,6,7,C,2,3,C
609959,41.849958,-87.633806,HAINES,247 W 23rd Pl,1(773)534-9200,60616,247 W 23rd Pl Chicago, IL 60616,ES,6,6,S,2,2,S
609960,41.780192,-87.776579,HALE,6140 S Melvina Ave,1(773)535-2265,60638,6140 S Melvina Ave Chicago, IL 60638,ES,6,6,S,2,2,S
609961,41.743753,-87.551862,NINOS HEROES,8344 S Commercial Ave,1(773)535-6694,60617,8344 S Commercial Ave Chicago, IL 60617,ES,6,5,I,2,2,S
609963,41.94522,-87.670865,HAMILTON,1650 W Cornelia Ave,1(773)534-5484,60657,1650 W Cornelia Ave Chicago, IL 60657,ES,6,8,C,2,2,S
609964,41.807242,-87.661175,HAMLINE,4747 S Bishop St,1(773)535-4565,60609,4747 S Bishop St Chicago, IL 60609,ES,6,7,C,2,1,I
609966,41.852719,-87.696243,HAMMOND,2819 W 21st Pl,1(773)535-4580,60623,2819 W 21st Pl Chicago, IL 60623,ES,6,7,C,2,2,S
609967,41.849215,-87.685668,FINKL,2332 S Western Ave,1(773)535-5850,60608,2332 S Western Ave Chicago, IL 60608,ES,6,12,C,2,1,I
609968,41.914816,-87.723931,MCAULIFFE,1841 N Springfield Ave,1(773)534-4400,60647,1841 N Springfield Ave Chicago, IL 60647,ES,6,3,I,2,2,S
609969,41.793447,-87.586855,HARTE,1556 E 56th St,1(773)535-0870,60637,1556 E 56th St Chicago, IL 60637,ES,6,6,S,2,3,C
609971,41.757341,-87.632737,HARVARD,7525 S Harvard,1(773)535-3045,60620,7525 S Harvard Chicago, IL 60620,ES,6,8,C,2,1,I
609972,41.964029,-87.723128,HAUGAN,4540 N Hamlin Ave,1(773)534-5040,60625,4540 N Hamlin Ave Chicago, IL 60625,ES,6,4,I,2,2,S
609973,41.841394,-87.734313,ZAPATA,2728 S Kostner Ave,1(773)534-1390,60623,2728 S Kostner Ave Chicago, IL 60623,ES,6,5,I,2,2,S
609974,41.942275,-87.657709,HAWTHORNE,3319 N Clifton Ave,1(773)534-5550,60657,3319 N Clifton Ave Chicago, IL 60657,ES,6,6,S,2,2,S
609975,41.899171,-87.755813,HAY,1018 N Laramie Ave,1(773)534-6000,60651,1018 N Laramie Ave Chicago, IL 60651,ES,6,3,I,2,2,S
609976,41.994541,-87.668504,HAYT,1518 W Granville Ave,1(773)534-2040,60660,1518 W Granville Ave Chicago, IL 60660,ES,6,6,S,2,2,S
609977,41.773366,-87.594392,WOODLAWN,6657 S Kimbark Ave,1(773)535-0801,60637,6657 S Kimbark Ave Chicago, IL 60637,ES,6,5,I,2,2,S
609978,41.707558,-87.60466,SMITH,744 E 103rd St,1(773)535-5689,60628,744 E 103rd St Chicago, IL 60628,ES,6,7,C,2,2,S
609979,41.839595,-87.640341,HEALY,3010 S Parnell Ave,1(773)534-9190,60616,3010 S Parnell Ave Chicago, IL 60616,ES,6,7,C,2,1,I
609981,41.808175,-87.745726,HEARST,4640 S Lamon Ave,1(773)535-2376,60638,4640 S Lamon Ave Chicago, IL 60638,ES,6,6,S,2,1,I
609983,41.807112,-87.673327,HEDGES,4747 S Winchester Ave,1(773)535-7360,60609,4747 S Winchester Ave Chicago, IL 60609,ES,6,11,C,2,3,C
609985,41.878665,-87.735802,HEFFERAN,4409 W Wilcox St,1(773)534-6192,60624,4409 W Wilcox St Chicago, IL 60624,ES,6,3,I,2,2,S
609986,41.790591,-87.671887,HENDERSON,5650 S Wolcott Ave,1(773)535-9080,60636,5650 S Wolcott Ave Chicago, IL 60636,ES,6,6,S,2,2,S
609987,41.815788,-87.633664,HENDRICKS,4316 S Princeton Ave,1(773)535-1696,60609,4316 S Princeton Ave Chicago, IL 60609,ES,6,4,I,2,1,I
609988,41.958989,-87.715632,HENRY,4250 N Saint Louis Ave,1(773)534-5060,60618,4250 N Saint Louis Ave Chicago, IL 60618,ES,6,9,C,2,4,C
609990,41.866875,-87.628615,SOUTH LOOP,1212 S Plymouth Ct,1(773)534-8690,60605,1212 S Plymouth Ct Chicago, IL 60605,ES,6,8,C,2,5,C
609991,41.862081,-87.718994,HERZL,3711 W Douglas Blvd,1(773)534-1480,60623,3711 W Douglas Blvd Chicago, IL 60623,ES,6,3,I,2,1,I
609993,41.80977,-87.672182,LARA,4619 S Wolcott Ave,1(773)535-4389,60609,4619 S Wolcott Ave Chicago, IL 60609,ES,6,6,S,2,2,S
609994,41.970335,-87.710362,HIBBARD,3244 W Ainslie St,1(773)534-5191,60625,3244 W Ainslie St Chicago, IL 60625,ES,6,4,I,2,3,C
609995,41.983672,-87.779123,HITCH,5625 N McVicker Ave,1(773)534-1189,60646,5625 N McVicker Ave Chicago, IL 60646,ES,6,7,C,2,2,S
609996,41.838027,-87.653792,HOLDEN,1104 W 31st St,1(773)535-7200,60608,1104 W 31st St Chicago, IL 60608,ES,6,5,I,2,1,I
609997,41.793788,-87.649795,HOLMES,955 W Garfield Blvd,1(773)535-9025,60621,955 W Garfield Blvd Chicago, IL 60621,ES,6,6,S,2,3,C
610000,41.893612,-87.759398,HOWE,720 N Lorel Ave,1(773)534-6060,60644,720 N Lorel Ave Chicago, IL 60644,ES,6,6,S,2,2,S
610002,41.733338,-87.568228,HOYNE,8905 S Crandon Ave,1(773)535-6425,60617,8905 S Crandon Ave Chicago, IL 60617,ES,6,3,I,2,3,C
610003,41.742452,-87.653633,CUFFE,8324 S Racine Ave,1(773)535-8250,60620,8324 S Racine Ave Chicago, IL 60620,ES,6,3,I,2,2,S
610004,41.700335,-87.611244,CULLEN,10650 S Eberhart Ave,1(773)535-5375,60628,10650 S Eberhart Ave Chicago, IL 60628,ES,6,3,I,2,2,S
610005,41.860518,-87.731777,HUGHES C,4247 W 15th St,1(773)534-1762,60623,4247 W 15th St Chicago, IL 60623,ES,6,6,S,2,2,S
610006,41.766785,-87.719541,HURLEY,3849 W 69th Pl,1(773)535-2068,60629,3849 W 69th Pl Chicago, IL 60629,ES,6,8,C,2,0,I
610009,41.871255,-87.653366,GALILEO,820 S Carpenter St,1(773)534-7070,60607,820 S Carpenter St Chicago, IL 60607,ES,6,8,C,2,2,S
610010,41.939247,-87.67581,JAHN,3149 N Wolcott Ave,1(773)534-5500,60657,3149 N Wolcott Ave Chicago, IL 60657,ES,6,8,C,2,2,S
610011,41.984641,-87.700529,JAMIESON,5650 N Mozart St,1(773)534-2395,60659,5650 N Mozart St Chicago, IL 60659,ES,6,6,S,2,1,I
610012,41.902055,-87.641056,JENNER,1119 N Cleveland Ave,1(773)534-8440,60610,1119 N Cleveland Ave Chicago, IL 60610,ES,6,4,I,2,5,C
610013,41.858849,-87.662209,PILSEN,1420 W 17th St,1(773)534-7675,60608,1420 W 17th St Chicago, IL 60608,ES,6,10,C,2,6,C
610015,41.858065,-87.652302,JUNGMAN,1746 S Miller St,1(773)534-7375,60608,1746 S Miller St Chicago, IL 60608,ES,6,6,S,2,2,S
610016,41.725263,-87.677233,KELLOGG,9241 S Leavitt St,1(773)535-2590,60620,9241 S Leavitt St Chicago, IL 60620,ES,6,8,C,2,3,C
610017,41.847941,-87.697316,SAUCEDO,2850 W 24th Blvd,1(773)534-1770,60623,2850 W 24th Blvd Chicago, IL 60623,ES,6,6,S,2,3,C
610019,41.776453,-87.640892,KERSHAW,6450 S Lowe Ave,1(773)535-3050,60621,6450 S Lowe Ave Chicago, IL 60621,ES,6,4,I,2,1,I
610021,41.904503,-87.714234,CASALS,3501 W Potomac Ave,1(773)534-4444,60651,3501 W Potomac Ave Chicago, IL 60651,ES,6,5,I,2,2,S
610022,42.00364,-87.668222,KILMER,6700 N Greenview Ave,1(773)534-2115,60626,6700 N Greenview Ave Chicago, IL 60626,ES,6,8,C,2,3,C
610024,41.848488,-87.716017,CARDENAS,2345 S Millard Ave,1(773)534-1465,60623,2345 S Millard Ave Chicago, IL 60623,ES,6,6,S,2,3,C
610026,41.789965,-87.779483,KINZIE,5625 S Mobile Ave,1(773)535-2425,60638,5625 S Mobile Ave Chicago, IL 60638,ES,6,6,S,2,2,S
610027,41.723627,-87.639521,KIPLING,9351 S Lowe Ave,1(773)535-3151,60620,9351 S Lowe Ave Chicago, IL 60620,ES,6,6,S,2,1,I
610029,41.908886,-87.665093,LOZANO,1501 N Greenview Ave,1(773)534-4750,60642,1501 N Greenview Ave Chicago, IL 60642,ES,6,6,S,2,3,C
610030,41.798002,-87.602481,KOZMINSKI,936 E 54th St,1(773)535-0980,60615,936 E 54th St Chicago, IL 60615,ES,6,4,I,2,2,S
610032,41.719292,-87.6525,GREEN,1150 W 96th St,1(773)535-2575,60643,1150 W 96th St Chicago, IL 60643,ES,6,6,S,2,2,S
610033,41.9139,-87.637565,LASALLE,1734 N Orleans St,1(773)534-8470,60614,1734 N Orleans St Chicago, IL 60614,ES,6,8,C,2,2,S
610034,41.86296,-87.712957,LAWNDALE,3500 W Douglas Blvd,1(773)534-1635,60623,3500 W Douglas Blvd Chicago, IL 60623,ES,6,0,I,2,0,I
610036,41.906826,-87.75455,LEWIS,1431 N Leamington Ave,1(773)534-3060,60651,1431 N Leamington Ave Chicago, IL 60651,ES,6,6,S,2,2,S
610037,41.797685,-87.659933,LIBBY,5300 S Loomis Blvd,1(773)535-9050,60609,5300 S Loomis Blvd Chicago, IL 60609,ES,6,5,I,2,0,I
610038,41.924525,-87.644497,LINCOLN,615 W Kemper Pl,1(773)534-5720,60614,615 W Kemper Pl Chicago, IL 60614,ES,6,5,I,2,1,I
610039,41.940009,-87.702635,VON LINNE,3221 N Sacramento Ave,1(773)534-5262,60618,3221 N Sacramento Ave Chicago, IL 60618,ES,6,5,I,2,2,S
610040,41.918814,-87.748515,LLOYD,2103 N Lamon Ave,1(773)534-3070,60639,2103 N Lamon Ave Chicago, IL 60639,ES,6,7,C,2,2,S
610041,41.931762,-87.795604,LOCKE J,2828 N Oak Park Ave,1(773)534-3300,60634,2828 N Oak Park Ave Chicago, IL 60634,ES,6,5,I,2,4,C
610043,41.912718,-87.783919,LOVETT,6333 W Bloomingdale Ave,1(773)534-3130,60639,6333 W Bloomingdale Ave Chicago, IL 60639,ES,6,5,I,2,2,S
610044,41.90652,-87.710217,LOWELL,3320 W Hirsch St,1(773)534-4300,60651,3320 W Hirsch St Chicago, IL 60651,ES,6,1,I,2,3,C
610046,41.934192,-87.777174,LYON,2941 N McVicker Ave,1(773)534-3120,60634,2941 N McVicker Ave Chicago, IL 60634,ES,6,6,S,2,3,C
610047,41.759548,-87.590712,MADISON,7433 S Dorchester Ave,1(773)535-0551,60619,7433 S Dorchester Ave Chicago, IL 60619,ES,6,3,I,2,1,I
610048,41.908247,-87.639827,MANIERRE,1420 N Hudson Ave,1(773)534-8456,60610,1420 N Hudson Ave Chicago, IL 60610,ES,6,2,I,2,2,S
610051,41.920555,-87.757854,NORTHWEST,5252 W Palmer St,1(773)534-3250,60639,5252 W Palmer St Chicago, IL 60639,MS,6,6,S,2,2,S
610052,41.748274,-87.574816,MANN,8050 S Chappel Ave,1(773)535-6640,60617,8050 S Chappel Ave Chicago, IL 60617,ES,6,2,I,2,2,S
610053,41.773881,-87.69703,MARQUETTE,6550 S Richmond St,1(773)535-9260,60629,6550 S Richmond St Chicago, IL 60629,ES,6,5,I,2,1,I
610054,41.716588,-87.552483,MARSH,9822 S Exchange Ave,1(773)535-6430,60617,9822 S Exchange Ave Chicago, IL 60617,ES,6,6,S,2,1,I
610055,41.879714,-87.708092,FARADAY,3250 W Monroe St,1(773)534-6670,60624,3250 W Monroe St Chicago, IL 60624,ES,6,4,I,2,2,S
610056,41.856864,-87.731672,MASON,4217 W 18th St,1(773)534-1530,60623,4217 W 18th St Chicago, IL 60623,ES,6,6,S,2,2,S
610057,41.780904,-87.692115,FAIRFIELD,6201 S Fairfield Ave,1(773)535-9500,60629,6201 S Fairfield Ave Chicago, IL 60629,ES,6,6,S,2,1,I
610059,41.923204,-87.657287,MAYER,2250 N Clifton Ave,1(773)534-5535,60614,2250 N Clifton Ave Chicago, IL 60614,ES,6,11,C,2,3,C
610060,41.8743,-87.660985,JACKSON A,1340 W Harrison St,1(773)534-7000,60607,1340 W Harrison St Chicago, IL 60607,ES,6,6,S,2,3,C
610062,41.829993,-87.641103,MCCLELLAN,3527 S Wallace St,1(773)535-1732,60609,3527 S Wallace St Chicago, IL 60609,ES,6,4,I,2,1,I
610063,41.842267,-87.7063,MCCORMICK,2712 S Sawyer Ave,1(773)535-7252,60623,2712 S Sawyer Ave Chicago, IL 60623,ES,6,5,I,2,0,I
610065,41.775424,-87.609357,TILL,6543 S Champlain Ave,1(773)535-0570,60637,6543 S Champlain Ave Chicago, IL 60637,ES,6,3,I,2,2,S
610066,41.73455,-87.619214,MCDADE,8801 S Indiana Ave,1(773)535-3669,60619,8801 S Indiana Ave Chicago, IL 60619,ES,6,5,I,2,2,S
610067,41.768143,-87.691787,MCKAY,6901 S Fairfield Ave,1(773)535-9340,60629,6901 S Fairfield Ave Chicago, IL 60629,ES,6,6,S,2,3,C
610068,41.923955,-87.761515,HANSON PARK,5411 W Fullerton Ave,1(773)534-3100,60639,5411 W Fullerton Ave Chicago, IL 60639,ES,6,6,S,2,0,I
610070,41.967847,-87.676288,MCPHERSON,4728 N Wolcott Ave,1(773)534-2625,60640,4728 N Wolcott Ave Chicago, IL 60640,ES,6,8,C,2,2,S
610073,41.892082,-87.683185,MITCHELL,2233 W Ohio St,1(773)534-7655,60612,2233 W Ohio St Chicago, IL 60612,ES,6,6,S,2,1,I
610074,41.929989,-87.719224,MONROE,3651 W Schubert Ave,1(773)534-4155,60647,3651 W Schubert Ave Chicago, IL 60647,ES,6,5,I,2,2,S
610076,41.912505,-87.696941,MOOS,1711 N California Ave,1(773)534-4340,60647,1711 N California Ave Chicago, IL 60647,ES,6,8,C,2,4,C
610077,41.784313,-87.688549,MORRILL,6011 S Rockwell St,1(773)535-9288,60629,6011 S Rockwell St Chicago, IL 60629,ES,6,8,C,2,4,C
610078,41.949003,-87.651573,INTER-AMERICAN,851 W Waveland Ave,1(773)534-5490,60613,851 W Waveland Ave Chicago, IL 60613,ES,6,8,C,2,1,I
610081,41.8444,-87.64134,SHERIDAN,533 W 27th St,1(773)534-9120,60616,533 W 27th St Chicago, IL 60616,ES,6,6,S,2,2,S
610082,41.695734,-87.70581,MOUNT GREENWOOD,10841 S Homan Ave,1(773)535-2786,60655,10841 S Homan Ave Chicago, IL 60655,ES,6,6,S,2,2,S
610083,41.970125,-87.78963,BEARD,6445 W Strong St,1(773)534-1228,60656,6445 W Strong St Chicago, IL 60656,ES,6,6,S,2,2,S
610084,41.69717,-87.697278,KELLER,3020 W 108th St,1(773)535-2636,60655,3020 W 108th St Chicago, IL 60655,ES,6,6,S,2,2,S
610086,41.701952,-87.647652,MOUNT VERNON,10540 S Morgan St,1(773)535-2825,60643,10540 S Morgan St Chicago, IL 60643,ES,6,6,S,2,2,S
610087,41.776556,-87.790604,BLAIR,6751 W 63rd Pl,1(773)535-2076,60638,6751 W 63rd Pl Chicago, IL 60638,ES,6,6,S,2,2,S
610088,41.92091,-87.721888,MOZART,2200 N Hamlin Ave,1(773)534-4160,60647,2200 N Hamlin Ave Chicago, IL 60647,ES,6,6,S,2,2,S
610089,41.950078,-87.716832,MURPHY,3539 W Grace St,1(773)534-5223,60618,3539 W Grace St Chicago, IL 60618,ES,6,7,C,2,2,S
610090,41.798535,-87.59334,MURRAY,5335 S Kenwood Ave,1(773)535-0585,60615,5335 S Kenwood Ave Chicago, IL 60615,ES,6,6,S,2,1,I
610091,41.664873,-87.638958,BROWN R,12607 S Union Ave,1(773)535-5385,60628,12607 S Union Ave Chicago, IL 60628,ES,6,7,C,2,2,S
610092,41.89181,-87.747936,NASH,4837 W ERIE ST,1(773)534-6125,60644-1720,4837 W ERIE ST Chicago, IL 60644-1720,ES,6,6,S,2,2,S
610093,41.738407,-87.620933,NEIL,8555 S Michigan Ave,1(773)535-3000,60619,8555 S Michigan Ave Chicago, IL 60619,ES,6,6,S,2,2,S
610094,41.941637,-87.644561,NETTELHORST,3252 N Broadway St,1(773)534-5810,60657,3252 N Broadway St Chicago, IL 60657,ES,6,8,C,2,5,C
610095,41.913947,-87.64599,NEWBERRY,700 W Willow St,1(773)534-8000,60614,700 W Willow St Chicago, IL 60614,ES,6,6,S,2,2,S
610096,41.797714,-87.689139,NIGHTINGALE,5250 S Rockwell St,1(773)535-9270,60632,5250 S Rockwell St Chicago, IL 60632,ES,6,10,C,2,2,S
610097,41.919581,-87.73142,NIXON,2121 N Keeler Ave,1(773)534-4375,60639,2121 N Keeler Ave Chicago, IL 60639,ES,6,10,C,2,4,C
610098,41.906155,-87.729955,NOBEL,4127 W Hirsch St,1(773)534-4365,60651,4127 W Hirsch St Chicago, IL 60651,ES,6,6,S,2,1,I
610099,41.988153,-87.802979,NORWOOD PARK,5900 N Nina Ave,1(773)534-1198,60631,5900 N Nina Ave Chicago, IL 60631,ES,6,3,I,2,3,C
610100,41.906907,-87.732443,WEST PARK,1425 N Tripp Ave,1(773)534-4940,60651,1425 N Tripp Ave Chicago, IL 60651,ES,6,8,C,2,3,C
610101,41.899976,-87.629297,OGDEN ES,24 W Walton St,1(773)534-8110,60610,24 W Walton St Chicago, IL 60610,ES,6,17,C,2,6,C
610102,41.75467,-87.645469,OGLESBY,7646 S Green St,1(773)535-3060,60620,7646 S Green St Chicago, IL 60620,ES,6,7,C,2,2,S
610103,41.768602,-87.572806,OKEEFFE,6940 S Merrill Ave,1(773)535-0600,60649,6940 S Merrill Ave Chicago, IL 60649,ES,6,6,S,2,2,S
610104,41.99379,-87.793108,ONAHAN,6634 W Raven St,1(773)534-1180,60631,6634 W Raven St Chicago, IL 60631,ES,6,8,C,2,2,S
610105,41.978501,-87.812054,ORIOLE PARK,5424 N Oketo Ave,1(773)534-1201,60656,5424 N Oketo Ave Chicago, IL 60656,ES,6,6,S,2,3,C
610106,41.90014,-87.731261,PICCOLO,1040 N Keeler Ave,1(773)534-4425,60651,1040 N Keeler Ave Chicago, IL 60651,ES,6,5,I,2,0,I
610107,41.891806,-87.665426,OTIS,525 N Armour St,1(773)534-7665,60642,525 N Armour St Chicago, IL 60642,ES,6,6,S,2,5,C
610108,41.774571,-87.674865,OTOOLE,6550 S Seeley Ave,1(773)535-9040,60636,6550 S Seeley Ave Chicago, IL 60636,ES,6,3,I,2,2,S
610109,41.74285,-87.705749,OWEN,8247 S Christiana Ave,1(773)535-9330,60652,8247 S Christiana Ave Chicago, IL 60652,ES,6,4,I,2,1,I
610110,41.827355,-87.61978,WELLS ES,249 E 37th St,1(773)535-1204,60653,249 E 37th St Chicago, IL 60653,ES,6,6,S,2,3,C
610111,41.973289,-87.739213,PALMER,5051 N Kenneth Ave,1(773)534-3704,60630,5051 N Kenneth Ave Chicago, IL 60630,ES,6,6,S,2,2,S
610112,41.77078,-87.634086,PARKER,6800 S Stewart Ave,1(773)535-3375,60621,6800 S Stewart Ave Chicago, IL 60621,ES,6,6,S,2,3,C
610115,41.766477,-87.611546,PARK MANOR,7037 S Rhodes Ave,1(773)535-3070,60637,7037 S Rhodes Ave Chicago, IL 60637,ES,6,5,I,2,1,I
610116,41.768555,-87.582954,PARKSIDE,6938 S East End Ave,1(773)535-0940,60649,6938 S East End Ave Chicago, IL 60649,ES,6,1,I,2,1,I
610117,41.786895,-87.732666,PASTEUR,5825 S Kostner Ave,1(773)535-2270,60629,5825 S Kostner Ave Chicago, IL 60629,ES,6,8,C,2,1,I
610120,41.787899,-87.719216,PECK,3826 W 58th St,1(773)535-2450,60629,3826 W 58th St Chicago, IL 60629,ES,6,7,C,2,2,S
610121,41.871595,-87.683616,IRVING,749 S Oakley Blvd,1(773)534-7295,60612,749 S Oakley Blvd Chicago, IL 60612,ES,6,4,I,2,2,S
610122,41.983456,-87.66585,PEIRCE,1423 W Bryn Mawr Ave,1(773)534-2440,60660,1423 W Bryn Mawr Ave Chicago, IL 60660,ES,6,7,C,2,3,C
610123,41.858372,-87.722386,PENN,1616 S Avers Ave,1(773)534-1665,60623,1616 S Avers Ave Chicago, IL 60623,ES,6,4,I,2,1,I
610124,41.728534,-87.596257,WASHINGTON H ES,9130 S University Ave,1(773)535-6225,60619,9130 S University Ave Chicago, IL 60619,ES,6,4,I,2,2,S
610125,41.848101,-87.680745,RUIZ,2410 S Leavitt St,1(773)535-4825,60608,2410 S Leavitt St Chicago, IL 60608,ES,6,7,C,2,1,I
610126,41.836527,-87.618338,PERSHING,3200 S Calumet Ave,1(773)534-9272,60616,3200 S Calumet Ave Chicago, IL 60616,ES,6,8,C,2,2,S
610127,41.981557,-87.712583,PETERSON,5510 N Christiana Ave,1(773)534-5070,60625,5510 N Christiana Ave Chicago, IL 60625,ES,6,8,C,2,1,I
610128,41.706603,-87.647577,GARVEY,10309 S Morgan St,1(773)535-2763,60643,10309 S Morgan St Chicago, IL 60643,ES,6,2,I,2,2,S
610129,41.8529,-87.683291,PICKARD,2301 W 21st Pl,1(773)535-7280,60608,2301 W 21st Pl Chicago, IL 60608,ES,6,6,S,2,2,S
610130,41.74034,-87.607891,PIRIE,650 E 85th St,1(773)535-3435,60619,650 E 85th St Chicago, IL 60619,ES,6,8,C,2,2,S
610131,41.860259,-87.692526,PLAMONDON,2642 W 15th Pl,1(773)534-1789,60608,2642 W 15th Pl Chicago, IL 60608,ES,6,6,S,2,1,I
610132,41.70263,-87.606419,POE,10538 S Langley Ave,1(773)535-5525,60628,10538 S Langley Ave Chicago, IL 60628,ES,6,4,I,2,1,I
610133,41.893236,-87.718797,WARD L,646 N Lawndale Ave,1(773)534-6440,60624,646 N Lawndale Ave Chicago, IL 60624,ES,6,7,C,2,3,C
610135,41.956988,-87.761007,PORTAGE PARK,5330 W Berteau Ave,1(773)534-3576,60641,5330 W Berteau Ave Chicago, IL 60641,ES,6,6,S,2,1,I
610136,41.928841,-87.669528,PRESCOTT,1632 W Wrightwood Ave,1(773)534-5505,60614,1632 W Wrightwood Ave Chicago, IL 60614,ES,6,7,C,2,3,C
610137,41.965619,-87.772414,PRUSSING,4650 N Menard Ave,1(773)534-3460,60630,4650 N Menard Ave Chicago, IL 60630,ES,6,9,C,2,3,C
610138,41.918486,-87.683801,PULASKI,2230 W McLean Ave,1(773)534-4391,60647,2230 W McLean Ave Chicago, IL 60647,ES,6,13,C,2,5,C
610139,41.688819,-87.609431,PULLMAN,11311 S Forrestville Ave,1(773)535-5395,60628,11311 S Forrestville Ave Chicago, IL 60628,ES,6,4,I,2,2,S
610141,41.960746,-87.670922,RAVENSWOOD,4332 N Paulina St,1(773)534-5525,60613,4332 N Paulina St Chicago, IL 60613,ES,6,8,C,2,2,S
610142,41.792348,-87.594752,RAY,5631 S Kimbark Ave,1(773)535-0970,60637,5631 S Kimbark Ave Chicago, IL 60637,ES,6,6,S,2,2,S
610143,41.804174,-87.604925,REAVIS,834 E 50th St,1(773)535-1060,60615,834 E 50th St Chicago, IL 60615,ES,6,5,I,2,2,S
610144,41.941094,-87.719541,REILLY,3650 W School St,1(773)534-5250,60618,3650 W School St Chicago, IL 60618,ES,6,8,C,2,3,C
610145,41.943019,-87.768983,REINBERG,3425 N Major Ave,1(773)534-3465,60634,3425 N Major Ave Chicago, IL 60634,ES,6,6,S,2,2,S
610146,41.764196,-87.600177,REVERE,1010 E 72nd St,1(773)535-0618,60619,1010 E 72nd St Chicago, IL 60619,ES,6,4,I,2,2,S
610147,42.015265,-87.697185,ROGERS,7345 N Washtenaw Ave,1(773)534-2125,60645,7345 N Washtenaw Ave Chicago, IL 60645,ES,6,7,C,2,2,S
610148,41.807143,-87.666037,CHAVEZ,4747 S Marshfield Ave,1(773)535-4600,60609,4747 S Marshfield Ave Chicago, IL 60609,ES,6,7,C,2,2,S
610152,41.751946,-87.618066,RUGGLES,7831 S Prairie Ave,1(773)535-3085,60619,7831 S Prairie Ave Chicago, IL 60619,ES,6,6,S,2,2,S
610153,41.735379,-87.638843,RYDER,8716 S Wallace St,1(773)535-3843,60620,8716 S Wallace St Chicago, IL 60620,ES,6,4,I,2,1,I
610155,41.991169,-87.745951,SAUGANASH,6040 N Kilpatrick Ave,1(773)534-3470,60646,6040 N Kilpatrick Ave Chicago, IL 60646,ES,6,7,C,2,2,S
610157,41.797498,-87.705006,SAWYER,5248 S Sawyer Ave,1(773)535-0440,60632,5248 S Sawyer Ave Chicago, IL 60632,ES,6,6,S,2,2,S
610158,41.914151,-87.798721,SAYRE,1850 N Newland Ave,1(773)534-3351,60707,1850 N Newland Ave Chicago, IL 60707,ES,6,8,C,2,1,I
610159,41.941678,-87.732179,SCAMMON,4201 W Henderson St,1(773)534-3475,60641,4201 W Henderson St Chicago, IL 60641,ES,6,11,C,2,5,C
610163,42.016892,-87.814195,STOCK,7507 W Birchwood Ave,1(773)534-1215,60631,7507 W Birchwood Ave Chicago, IL 60631,ES,6,9,C,2,2,S
610165,41.930403,-87.76119,SCHUBERT,2727 N Long Ave,1(773)534-3080,60639,2727 N Long Ave Chicago, IL 60639,ES,6,6,S,2,0,I
610167,41.810333,-87.668772,SEWARD,4600 S Hermitage Ave,1(773)535-4890,60609,4600 S Hermitage Ave Chicago, IL 60609,ES,6,7,C,2,1,I
610170,41.811069,-87.704199,COLUMBIA EXPLORERS,4520 S Kedzie Ave,1(773)535-4050,60632,4520 S Kedzie Ave Chicago, IL 60632,ES,6,6,S,2,2,S
610171,41.731717,-87.552788,MIRELES,9000 S Exchange Ave,1(773)535-6360,60617,9000 S Exchange Ave Chicago, IL 60617,ES,6,4,I,2,1,I
610172,41.799766,-87.650221,SHERMAN,1000 W 52nd St,1(773)535-1757,60609,1000 W 52nd St Chicago, IL 60609,ES,6,6,S,2,2,S
610173,41.7908,-87.632279,SHERWOOD,245 W 57th St,1(773)535-0829,60621,245 W 57th St Chicago, IL 60621,ES,6,6,S,2,2,S
610174,41.815909,-87.689647,SHIELDS,4250 S Rockwell St,1(773)535-7285,60632,4250 S Rockwell St Chicago, IL 60632,ES,6,6,S,2,2,S
610175,41.804294,-87.593905,SHOESMITH,1330 E 50th St,1(773)535-1764,60615,1330 E 50th St Chicago, IL 60615,ES,6,4,I,2,2,S
610176,41.690919,-87.658669,SHOOP,11140 S Bishop St,1(773)535-2715,60643,11140 S Bishop St Chicago, IL 60643,ES,6,8,C,2,2,S
610177,41.879103,-87.659419,SKINNER,1260 W Adams St,1(773)534-7790,60607,1260 W Adams St Chicago, IL 60607,ES,6,10,C,2,2,S
610178,41.716989,-87.596932,SCHMID,9755 S Greenwood Ave,1(773)535-6235,60628,9755 S Greenwood Ave Chicago, IL 60628,ES,6,3,I,2,3,C
610179,41.958868,-87.781975,SMYSER,4310 N Melvina Ave,1(773)534-3711,60634,4310 N Melvina Ave Chicago, IL 60634,ES,6,6,S,2,1,I
610180,41.865351,-87.653445,SMYTH,1059 W 13th St,1(773)534-7180,60608,1059 W 13th St Chicago, IL 60608,ES,6,5,I,2,2,S
610182,41.993942,-87.724043,SOLOMON,6206 N Hamlin Ave,1(773)534-5226,60659,6206 N Hamlin Ave Chicago, IL 60659,ES,6,6,S,2,1,I
610183,41.884876,-87.750445,SPENCER,214 N Lavergne Ave,1(773)534-6150,60644,214 N Lavergne Ave Chicago, IL 60644,ES,6,7,C,2,2,S
610184,41.847747,-87.700184,SPRY ES,2400 S Marshall Blvd,1(773)534-1700,60623,2400 S Marshall Blvd Chicago, IL 60623,ES,6,4,I,2,2,S
610185,41.747107,-87.731666,STEVENSON,8010 S Kostner Ave,1(773)535-2280,60652,8010 S Kostner Ave Chicago, IL 60652,ES,6,5,I,2,2,S
610188,41.696496,-87.639974,DUNNE,10845 S Union Ave,1(773)535-5517,60628,10845 S Union Ave Chicago, IL 60628,ES,6,6,S,2,2,S
610191,41.995359,-87.684793,STONE,6239 N Leavitt St,1(773)534-2045,60659,6239 N Leavitt St Chicago, IL 60659,ES,6,7,C,2,0,I
610192,41.911938,-87.713318,STOWE,3444 W Wabansia Ave,1(773)534-4175,60647,3444 W Wabansia Ave Chicago, IL 60647,ES,6,6,S,2,2,S
610193,41.743829,-87.542928,NEW SULLIVAN,8331 S Mackinaw Ave,1(773)535-6585,60617,8331 S Mackinaw Ave Chicago, IL 60617,ES,6,4,I,2,2,S
610194,41.870828,-87.733524,SUMNER,4320 W 5th Ave,1(773)534-6730,60624,4320 W 5th Ave Chicago, IL 60624,ES,6,6,S,2,1,I
610195,41.711445,-87.676821,SUTHERLAND,10015 S Leavitt St,1(773)535-2580,60643,10015 S Leavitt St Chicago, IL 60643,ES,6,14,C,2,3,C
610196,41.989139,-87.658296,SWIFT,5900 N Winthrop Ave,1(773)534-2695,60660,5900 N Winthrop Ave Chicago, IL 60660,ES,6,7,C,2,3,C
610197,41.892405,-87.673723,TALCOTT,1840 W Ohio St,1(773)534-7130,60622,1840 W Ohio St Chicago, IL 60622,ES,6,7,C,2,2,S
610198,41.71547,-87.532971,TAYLOR,9912 S Avenue H,1(773)535-6240,60617,9912 S Avenue H Chicago, IL 60617,ES,6,8,C,2,2,S
610199,41.677505,-87.658111,COLEMON,1441 W 119th St,1(773)535-3975,60643,1441 W 119th St Chicago, IL 60643,ES,6,11,C,2,4,C
610200,41.733324,-87.54428,THORP J,8914 S Buffalo Ave,1(773)535-6250,60617,8914 S Buffalo Ave Chicago, IL 60617,ES,6,4,I,2,2,S
610201,41.948571,-87.777631,THORP O,6024 W Warwick Ave,1(773)534-3640,60634,6024 W Warwick Ave Chicago, IL 60634,ES,6,8,C,2,3,C
610202,41.884102,-87.730566,TILTON,223 N Keeler Ave,1(773)534-6746,60624,223 N Keeler Ave Chicago, IL 60624,ES,6,3,I,2,3,C
610203,41.787523,-87.708179,TONTI,5815 S Homan Ave,1(773)535-9280,60629,5815 S Homan Ave Chicago, IL 60629,ES,6,7,C,2,2,S
610206,41.799046,-87.758928,TWAIN,5134 S Lotus Ave,1(773)535-2290,60638,5134 S Lotus Ave Chicago, IL 60638,ES,6,6,S,2,2,S
610207,41.720817,-87.665559,VANDERPOEL,9510 S Prospect Ave,1(773)535-2690,60643,9510 S Prospect Ave Chicago, IL 60643,ES,6,11,C,2,3,C
610208,41.696262,-87.627148,LAVIZZO,138 W 109th St,1(773)535-5300,60628,138 W 109th St Chicago, IL 60628,ES,6,6,S,2,1,I
610209,41.971634,-87.724605,VOLTA,4950 N Avers Ave,1(773)534-5080,60625,4950 N Avers Ave Chicago, IL 60625,ES,6,6,S,2,2,S
610212,41.971504,-87.710609,ALBANY PARK,4929 N Sawyer Ave,1(773)534-5108,60625,4929 N Sawyer Ave Chicago, IL 60625,MS,6,7,C,2,2,S
610213,41.773478,-87.601018,WADSWORTH,6650 S Ellis Ave,1(773)535-0730,60637,6650 S Ellis Ave Chicago, IL 60637,ES,6,3,I,2,2,S
610215,41.840957,-87.705064,MADERO,3202 W 28th St,1(773)535-4466,60623,3202 W 28th St Chicago, IL 60623,MS,6,5,I,2,4,C
610216,41.854836,-87.648086,WALSH,2015 S Peoria St,1(773)534-7950,60608,2015 S Peoria St Chicago, IL 60608,ES,6,8,C,2,3,C
610217,41.84398,-87.635356,WARD J,2701 S Shields Ave,1(773)534-9050,60616,2701 S Shields Ave Chicago, IL 60616,ES,6,8,C,2,2,S
610218,41.726763,-87.575353,WARREN,9239 S Jeffery Ave,1(773)535-6625,60617,9239 S Jeffery Ave Chicago, IL 60617,ES,6,1,I,2,3,C
610219,41.688131,-87.536015,WASHINGTON G ES,3611 E 114th St,1(773)535-5010,60617,3611 E 114th St Chicago, IL 60617,ES,6,6,S,2,2,S
610220,41.964165,-87.691433,WATERS,4540 N Campbell Ave,1(773)534-5090,60625,4540 N Campbell Ave Chicago, IL 60625,ES,6,8,C,2,3,C
610221,41.869916,-87.727524,WEBSTER,4055 W Arthington St,1(773)534-6925,60624,4055 W Arthington St Chicago, IL 60624,ES,6,4,I,2,3,C
610223,41.765076,-87.658205,WENTWORTH,1340 W 71st St,1(773)535-3394,60636,1340 W 71st St Chicago, IL 60636,ES,6,6,S,2,2,S
610225,41.683907,-87.655384,WHISTLER,11533 S Ada St,1(773)535-5560,60643,11533 S Ada St Chicago, IL 60643,ES,6,6,S,2,2,S
610226,41.792346,-87.710987,SANDOVAL,5534 S Saint Louis Ave,1(773)535-0457,60629,5534 S Saint Louis Ave Chicago, IL 60629,ES,6,5,I,2,1,I
610227,41.84008,-87.725546,WHITNEY,2815 S Komensky Ave,1(773)534-1560,60623,2815 S Komensky Ave Chicago, IL 60623,ES,6,4,I,2,2,S
610228,41.850481,-87.673392,WHITTIER,1900 W 23rd St,1(773)535-4590,60608,1900 W 23rd St Chicago, IL 60608,ES,6,5,I,2,1,I
610229,41.907053,-87.677761,PRITZKER,2009 W Schiller St,1(773)534-4415,60622,2009 W Schiller St Chicago, IL 60622,ES,6,8,C,2,3,C
610230,42.007491,-87.778345,WILDWOOD,6950 N Hiawatha Ave,1(773)534-1188,60646,6950 N Hiawatha Ave Chicago, IL 60646,ES,6,9,C,2,2,S
610231,41.8528,-87.629308,NATIONAL TEACHERS,55 W Cermak Rd,1(773)534-9970,60616,55 W Cermak Rd Chicago, IL 60616,ES,2,2,S,2,1,I
610234,41.915039,-87.70028,YATES,1839 N Richmond St,1(773)534-4550,60647,1839 N Richmond St Chicago, IL 60647,ES,6,2,I,2,2,S
610235,41.906791,-87.767143,YOUNG ES,1434 N Parkside Ave,1(773)534-6200,60651,1434 N Parkside Ave Chicago, IL 60651,ES,6,6,S,2,3,C
610237,41.809135,-87.627137,BEETHOVEN,25 W 47th St,1(773)535-1480,60609,25 W 47th St Chicago, IL 60609,ES,6,3,I,2,2,S
610238,41.765361,-87.653018,BOND,7050 S May St,1(773)535-3480,60621,7050 S May St Chicago, IL 60621,ES,6,6,S,2,0,I
610239,41.802343,-87.672206,DALEY,5024 S Wolcott Ave,1(773)535-9091,60609,5024 S Wolcott Ave Chicago, IL 60609,ES,6,5,I,2,3,C
610242,41.959984,-87.649749,BRENNEMANN,4251 N Clarendon Ave,1(773)534-5766,60613,4251 N Clarendon Ave Chicago, IL 60613,ES,6,6,S,2,3,C
610244,41.872885,-87.753325,CLARK HS,5101 W Harrison St,1(773)534-6250,60644,5101 W Harrison St Chicago, IL 60644,HS,6,3,I,2,2,S
610245,41.890369,-87.767668,DOUGLASS HS,543 N Waller Ave,1(773)534-6176,60644,543 N Waller Ave Chicago, IL 60644,HS,6,3,I,2,2,S
610246,41.798465,-87.625692,BEASLEY,5255 S State St,1(773)535-1230,60609,5255 S State St Chicago, IL 60609,ES,6,9,C,2,2,S
610248,41.943056,-87.778187,CHICAGO ACADEMY ES,3400 N Austin Ave,1(773)534-3885,60634,3400 N Austin Ave Chicago, IL 60634,ES,2,0,I,2,0,I
610249,41.794048,-87.690261,TALMAN,5450 S Talman Ave,1(773)535-7850,60632,5450 S Talman Ave Chicago, IL 60632,ES,6,5,I,2,1,I
610250,41.901417,-87.633632,SALAZAR,160 W Wendell St,1(773)534-8310,60610,160 W Wendell St Chicago, IL 60610,ES,6,2,I,2,1,I
610251,41.88295,-87.699187,CATHER,2908 W Washington Blvd,1(773)534-6780,60612,2908 W Washington Blvd Chicago, IL 60612,ES,6,3,I,2,1,I
610252,41.87987,-87.680315,DETT,2131 W Monroe St,1(773)534-7160,60612,2131 W Monroe St Chicago, IL 60612,ES,6,8,C,2,3,C
610254,41.858883,-87.715744,DVORAK,3615 W 16th St,1(773)534-1690,60623,3615 W 16th St Chicago, IL 60623,ES,6,8,C,2,0,I
610256,41.817349,-87.599067,ROBINSON,4225 S Lake Park Ave,1(773)535-1777,60653,4225 S Lake Park Ave Chicago, IL 60653,ES,6,5,I,2,2,S
610257,41.889178,-87.705108,MORTON,431 N Troy St,1(773)534-6791,60612,431 N Troy St Chicago, IL 60612,ES,6,8,C,2,1,I
610263,41.7799,-87.617214,DULLES,6311 S Calumet Ave,1(773)535-0690,60637,6311 S Calumet Ave Chicago, IL 60637,ES,6,1,I,2,0,I
610268,41.740184,-87.601174,ASHE,8505 S Ingleside Ave,1(773)535-3550,60619,8505 S Ingleside Ave Chicago, IL 60619,ES,6,8,C,2,3,C
610269,41.970949,-87.654758,MCCUTCHEON,4865 N Sheridan Rd,1(773)534-2680,60640,4865 N Sheridan Rd Chicago, IL 60640,ES,6,8,C,2,2,S
610271,41.873815,-87.702241,JENSEN,3030 W Harrison St,1(773)534-6840,60612,3030 W Harrison St Chicago, IL 60612,ES,6,7,C,2,4,C
610274,41.861836,-87.703139,JOHNSON,1420 S Albany Ave,1(773)534-1829,60623,1420 S Albany Ave Chicago, IL 60623,ES,6,5,I,2,1,I
610276,41.814358,-87.616618,MOLLISON,4415 S Dr Martin L King Jr Dr,1(773)535-1804,60653,4415 S Dr Martin L King Jr Dr Chicago, IL 60653,ES,6,7,C,2,1,I
610279,41.760673,-87.606791,TANNER,7350 S Evans Ave,1(773)535-3870,60619,7350 S Evans Ave Chicago, IL 60619,ES,6,5,I,2,0,I
610281,41.760332,-87.556789,POWELL,7511 S South Shore Dr,1(773)535-6650,60649,7511 S South Shore Dr Chicago, IL 60649,ES,6,7,C,2,1,I
610282,41.897819,-87.746731,MCNAIR,4820 W Walton St,1(773)534-8980,60651,4820 W Walton St Chicago, IL 60651,ES,6,5,I,2,1,I
610284,42.007703,-87.673168,NEW FIELD,1707 W Morse Ave,1(773)534-2760,60626,1707 W Morse Ave Chicago, IL 60626,ES,6,7,C,2,2,S
610287,41.742351,-87.70961,ASHBURN,8300 S St Louis Ave,1(773)535-7860,60652,8300 S St Louis Ave Chicago, IL 60652,ES,6,5,I,2,2,S
610290,41.772727,-87.637277,MAYS,6656 S Normal Blvd,1(773)535-3892,60621,6656 S Normal Blvd Chicago, IL 60621,ES,6,5,I,2,1,I
610291,41.775305,-87.728884,LEE,6448 S Tripp Ave,1(773)535-2255,60629,6448 S Tripp Ave Chicago, IL 60629,ES,6,7,C,2,2,S
610293,41.878799,-87.724661,MELODY,3937 W Wilcox St,1(773)534-6850,60624,3937 W Wilcox St Chicago, IL 60624,ES,6,1,I,2,4,C
610295,41.681031,-87.646994,HIGGINS,11710 S Morgan St,1(773)535-5625,60643,11710 S Morgan St Chicago, IL 60643,ES,6,6,S,2,2,S
610298,41.747186,-87.62804,LENART,8101 S LaSalle St,1(773)535-0040,60620,8101 S LaSalle St Chicago, IL 60620,ES,6,9,C,2,1,I
610299,41.765335,-87.641335,KING ES,644 W 71st St,1(773)535-3875,60621,644 W 71st St Chicago, IL 60621,ES,6,4,I,2,0,I
610300,41.748868,-87.634751,WESTCOTT,409 W 80th St,1(773)535-3090,60620,409 W 80th St Chicago, IL 60620,ES,6,4,I,2,1,I
610304,41.879118,-87.68696,PHOENIX MILITARY HS,145 S Campbell Ave,1(773)534-7275,60612,145 S Campbell Ave Chicago, IL 60612,HS,6,4,I,2,2,S
610305,41.873587,-87.749276,LELAND,512 S Lavergne Ave,1(773)534-6340,60644,512 S Lavergne Ave Chicago, IL 60644,ES,6,4,I,2,2,S
610308,41.883568,-87.669477,RUDOLPH,110 N Paulina St,1(773)534-7460,60612,110 N Paulina St Chicago, IL 60612,ES,6,6,S,2,2,S
610312,41.733132,-87.589589,MCDOWELL,1419 E 89th St,1(773)535-6404,60619,1419 E 89th St Chicago, IL 60619,ES,6,2,I,2,1,I
610313,41.905294,-87.685756,DE DIEGO,1313 N Claremont Ave,1(773)534-4451,60622,1313 N Claremont Ave Chicago, IL 60622,ES,6,7,C,2,3,C
610315,41.672309,-87.650539,WHITE,1136 W 122nd St,1(773)535-5672,60643,1136 W 122nd St Chicago, IL 60643,ES,6,5,I,2,1,I
610316,41.726107,-87.582182,EARHART,1710 E 93rd St,1(773)535-6416,60617,1710 E 93rd St Chicago, IL 60617,ES,6,4,I,2,3,C
610317,41.8239,-87.692077,BRIGHTON PARK,3825 S Washtenaw Ave,1(773)535-7237,60632,3825 S Washtenaw Ave Chicago, IL 60632,ES,6,9,C,2,3,C
610319,41.829356,-87.667817,EVERGREEN,3537 S Paulina St,1(773)535-4836,60609,3537 S Paulina St Chicago, IL 60609,MS,6,6,S,2,2,S
610321,41.952492,-87.7203,MARSHALL MIDDLE,3900 N Lawndale Ave,1(773)534-5200,60618,3900 N Lawndale Ave Chicago, IL 60618,MS,6,0,I,2,0,I
610323,41.734627,-87.55755,BOWEN HS,2710 E 89th St,1(773)535-7650,60617,2710 E 89th St Chicago, IL 60617,HS,6,4,I,2,2,S
610325,41.93397,-87.708041,LOGANDALE,3212 W George St,1(773)534-5350,60618,3212 W George St Chicago, IL 60618,MS,6,6,S,2,2,S
610329,41.857755,-87.67521,OROZCO,1940 W 18th St,1(773)534-7215,60608,1940 W 18th St Chicago, IL 60608,ES,6,8,C,2,4,C
610334,41.88621,-87.715423,RABY HS,3545 W Fulton Blvd,1(773)534-6755,60624,3545 W Fulton Blvd Chicago, IL 60624,HS,7,2,I,1,2,C
610339,41.758925,-87.649217,STAGG,7424 S Morgan St,1(773)535-3565,60621,7424 S Morgan St Chicago, IL 60621,ES,6,6,S,2,2,S
610340,41.943054,-87.776847,CHICAGO ACADEMY HS,3400 N Austin Ave,1(773)534-0146,60634,3400 N Austin Ave Chicago, IL 60634,HS,2,0,I,2,0,I
610342,41.906816,-87.68305,SABIN,2216 W Hirsch St,1(773)534-4491,60622,2216 W Hirsch St Chicago, IL 60622,ES,6,1,I,2,2,S
610345,41.814499,-87.608419,WOODSON,4414 S Evans Ave,1(773)535-1280,60653,4414 S Evans Ave Chicago, IL 60653,ES,6,4,I,2,3,C
610347,41.777511,-87.681061,CLAREMONT,2300 W 64th St,1(773)535-8110,60636,2300 W 64th St Chicago, IL 60636,ES,6,6,S,2,2,S
610350,41.729692,-87.576643,BLACK,9101 S Euclid Ave,1(773)535-6390,60619,9101 S Euclid Ave Chicago, IL 60619,ES,6,4,I,2,3,C
610352,41.738844,-87.729955,DURKIN PARK,8445 S Kolin Ave,1(773)535-2322,60652,8445 S Kolin Ave Chicago, IL 60652,ES,6,5,I,2,3,C
610353,41.824377,-87.711654,CALMECA,3456 W 38th St,1(773)535-7000,60632,3456 W 38th St Chicago, IL 60632,ES,6,5,I,2,1,I
610354,41.961721,-87.707151,NORTH RIVER,4416 N Troy St,1(773)534-0590,60625,4416 N Troy St Chicago, IL 60625,ES,6,5,I,2,1,I
610355,41.962308,-87.663853,COURTENAY,4420 N Beacon St,1(773)534-5790,60640,4420 N Beacon St Chicago, IL 60640,ES,6,5,I,2,2,S
610362,41.715665,-87.639305,EVERS,9811 S Lowe Ave,1(773)535-2565,60628,9811 S Lowe Ave Chicago, IL 60628,ES,6,6,S,2,3,C
610363,41.956816,-87.646083,DISNEY,4140 N Marine Dr,1(773)534-5840,60613,4140 N Marine Dr Chicago, IL 60613,ES,6,9,C,2,2,S
610364,41.653733,-87.61432,DUBOIS,330 E 133rd St,1(773)535-5582,60827,330 E 133rd St Chicago, IL 60827,ES,6,5,I,2,1,I
610366,41.716193,-87.648044,WACKER,9746 S Morgan St,1(773)535-2821,60643,9746 S Morgan St Chicago, IL 60643,ES,6,8,C,2,2,S
610367,41.877979,-87.766298,DEPRIEST,139 S Parkside Ave,1(773)534-6800,60644,139 S Parkside Ave Chicago, IL 60644,ES,6,5,I,2,2,S
610368,41.705342,-87.629869,HUGHES L,240 W 104th St,1(773)535-5075,60628,240 W 104th St Chicago, IL 60628,ES,6,4,I,2,4,C
610369,41.734125,-87.646767,JACKSON M,917 W 88th St,1(773)535-3341,60620,917 W 88th St Chicago, IL 60620,ES,6,6,S,2,1,I
610380,41.806118,-87.62503,WILLIAMS HS,4934 S Wabash Ave,1(773)535-1120,60615,4934 S Wabash Ave Chicago, IL 60615,HS,6,1,I,2,2,S
610381,41.805204,-87.625004,BRONZEVILLE HS,4934 S Wabash Ave,1(773)535-1150,60615,4934 S Wabash Ave Chicago, IL 60615,HS,6,6,S,2,2,S
610383,41.833507,-87.735299,SOCIAL JUSTICE HS,3120 S Kostner Ave,1(773)535-4300,60623,3120 S Kostner Ave Chicago, IL 60623,HS,6,5,I,2,1,I
610384,41.836169,-87.735278,INFINITY HS,3120 S Kostner Ave,1(773)535-4225,60623,3120 S Kostner Ave Chicago, IL 60623,HS,6,5,I,2,1,I
610385,41.835282,-87.735283,MULTICULTURAL HS,3120 S Kostner Ave,1(773)535-4242,60623,3120 S Kostner Ave Chicago, IL 60623,HS,6,4,I,2,1,I
610389,41.894449,-87.726166,ORR HS,730 N Pulaski Rd,1(773)534-6500,60624,730 N Pulaski Rd Chicago, IL 60624,HS,2,0,I,2,0,I
610390,41.989021,-87.665789,RICKOVER MILITARY HS,5900 N Glenwood Ave,1(773)534-2890,60660,5900 N Glenwood Ave Chicago, IL 60660,HS,6,2,I,2,1,I
610391,41.782041,-87.671662,LINDBLOM HS,6130 S Wolcott Ave,1(773)535-9300,60636,6130 S Wolcott Ave Chicago, IL 60636,HS,6,5,I,2,1,I
610392,41.834397,-87.735292,WORLD LANGUAGE HS,3120 S Kostner Ave,1(773)535-4334,60623,3120 S Kostner Ave Chicago, IL 60623,HS,6,5,I,2,1,I
610394,41.965547,-87.652473,UPLIFT HS,900 W Wilson Ave,1(773)534-2875,60640,900 W Wilson Ave Chicago, IL 60640,HS,6,7,C,2,2,S
610396,41.764407,-87.706445,TARKINGTON,3330 W 71st St,1(773)535-4700,60629,3330 W 71st St Chicago, IL 60629,ES,2,2,S,2,2,S
610402,41.941388,-87.690761,DEVRY HS,3300 N Campbell Ave,1(773)697-2216,60618,3300 N Campbell Ave Chicago, IL 60618,HS,6,0,I,2,0,I
610405,41.883215,-87.677636,SUDER,2022 W Washington Blvd,1(773)534-7685,60612,2022 W Washington Blvd Chicago, IL 60612,ES,6,11,C,2,1,I
610499,41.864149,-87.702042,COLLINS HS,1313 S Sacramento Dr,1(773)534-1840,60623,1313 S Sacramento Dr Chicago, IL 60623,HS,2,0,I,2,0,I
610501,41.885123,-87.761909,AUSTIN POLY HS,231 N Pine Ave,1(773)534-6300,60644,231 N Pine Ave Chicago, IL 60644,HS,3,0,I,2,0,I
610503,41.86698,-87.727244,FRAZIER PROSPECTIVE,4027 W Grenshaw St,1(773)534-6880,60624,4027 W Grenshaw St Chicago, IL 60624,ES,6,5,I,2,2,S
610504,41.827775,-87.677542,THOMAS,3625 S Hoyne Ave,1(773)535-4088,60609,3625 S Hoyne Ave Chicago, IL 60609,ES,6,4,I,2,2,S
610506,41.781485,-87.633019,TEAM HS,6201 S Stewart Ave,1(773)535-3530,60621,6201 S Stewart Ave Chicago, IL 60621,HS,6,2,I,2,2,S
610513,41.828145,-87.632757,AIR FORCE HS,3630 S Wells St,1(773)535-1590,60609,3630 S Wells St Chicago, IL 60609,HS,6,8,C,2,0,I
610515,41.950461,-87.730678,DISNEY II ES,3815 N Kedvale Ave,1(773)534-3750,60641,3815 N Kedvale Ave Chicago, IL 60641,ES,6,4,I,2,0,I
610518,41.885993,-87.761916,VOISE HS,231 N Pine Ave,1(773)534-0660,60644,231 N Pine Ave Chicago, IL 60644,HS,6,3,I,2,2,S
610520,41.902914,-87.673696,LASALLE II,1148 N Honore St,1(773)534-0490,60622,1148 N Honore St Chicago, IL 60622,ES,6,8,C,2,2,S
610521,41.771221,-87.66653,DAVIS M,6730 S Paulina St,1(773)535-9120,60636,6730 S Paulina St Chicago, IL 60636,ES,6,6,S,2,2,S
610523,41.994238,-87.813771,EDISON PARK,6220 N Olcott Ave,1(773)534-0960,60631,6220 N Olcott Ave Chicago, IL 60631,ES,6,9,C,2,2,S
610530,41.767755,-87.590396,SOUTH SHORE ES,1415 E 70th St,1(773)535-8340,60637,1415 E 70th St Chicago, IL 60637,ES,6,3,I,2,2,S
610532,41.793479,-87.71137,HERNANDEZ,3510 W 55th St,1(773)535-8850,60632,3510 W 55th St Chicago, IL 60632,MS,6,8,C,2,4,C
610533,41.921318,-87.765781,PRIETO,2231 N Central Ave,1(773)534-0210,60639,2231 N Central Ave Chicago, IL 60639,ES,6,8,C,2,2,S
610534,41.905109,-87.644841,SKINNER NORTH,640 W Scott St,1(773)534-8500,60610,640 W Scott St Chicago, IL 60610,ES,6,9,C,2,0,I
610539,41.934931,-87.770127,CAMRAS,3000 N Mango Ave,1(773)534-2960,60634,3000 N Mango Ave Chicago, IL 60634,ES,6,6,S,2,2,S
610541,41.940026,-87.724783,LORCA,3231 N Springfield Ave,1(773)534-0950,60618,3231 N Springfield Ave Chicago, IL 60618,ES,6,3,I,2,2,S
610542,42.002959,-87.705917,WEST RIDGE,6700 N Whipple St,1(773)534-8250,60645,6700 N Whipple St Chicago, IL 60645,ES,6,6,S,2,1,I
610543,41.795201,-87.711059,SOLORIO HS,5400 S St Louis Ave,1(773)535-9070,60632,5400 S St Louis Ave Chicago, IL 60632,HS,2,2,S,2,1,I
610544,41.771079,-87.73992,AZUELA,4707 W Marquette Rd,1(773)535-7395,60629,4707 W Marquette Rd Chicago, IL 60629,ES,6,6,S,2,0,I
610547,41.758792,-87.576353,SOUTH SHORE INTL HS,1955 E 75th St,1(773)535-8351,60649,1955 E 75th St Chicago, IL 60649,HS,6,12,C,2,7,C
610548,41.868576,-87.664969,STEM,1522 W Fillmore St,1(773)534-7300,60607,1522 W Fillmore St Chicago, IL 60607,ES,6,5,I,2,0,I
610558,41.75375,-87.707345,GOODE HS,7651 S Homan Ave,1(773)535-7875,60652,7651 S Homan Ave Chicago, IL 60652,HS,6,6,S,2,2,S
610559,41.806491,-87.68978,SHIELDS MIDDLE,2611 W 48th St,1(773)535-7115,60632,2611 W 48th St Chicago, IL 60632,MS,6,5,I,2,2,S
610561,41.876947,-87.683301,CRANE MEDICAL HS,2245 W Jackson Blvd,1(773)534-7600,60612,2245 W Jackson Blvd Chicago, IL 60612,HS,6,5,I,2,4,C
610563,41.808413,-87.677541,BACK OF THE YARDS HS,2111 W 47th St,1(773)535-7320,60609,2111 W 47th St Chicago, IL 60609,HS,6,12,C,2,4,C
